time_s,Ax_mg,Ay_mg,Az_mg,Aabs_mg,Roll_deg,Pitch_deg
1.01,-1003.816,207.168,-74.06,1027.643,110.4,77.58
1.03,-1008.82,215.175,-79.064,1034.538,110.18,77.2
1.06,-1010.821,191.155,-105.085,1034.09,118.8,77.82
1.09,-1015.825,189.154,-99.081,1038.026,117.65,78.13
1.12,-1012.823,195.159,-110.089,1037.312,118.81,77.24
1.15,-1003.816,201.163,-96.078,1028.272,115.53,77.48
1.17,-999.812,194.158,-106.086,1024,118.65,77.52
1.2,-997.811,188.153,-98.08,1020.121,117.53,78
1.23,-1000.813,198.161,-94.076,1024.571,115.4,77.64
1.26,-978.795,209.17,-101.082,1005.987,115.79,76.65
1.29,-979.796,215.175,-102.083,1008.326,115.38,76.34
1.31,-983.799,204.166,-117.095,1011.561,118.16,76.9
1.34,-978.795,204.166,-100.081,1004.858,116.11,76.92
1.37,-990.805,213.173,-89.072,1017.385,112.68,76.87
1.4,-983.799,201.163,-99.081,1009.032,116.22,77.16
1.43,-981.798,196.159,-120.098,1008.379,121.48,76.82
1.45,-963.783,203.165,-146.119,995.743,125.72,75.44
1.48,-972.79,215.175,-126.102,1004.253,120.37,75.62
1.51,-975.793,224.182,-110.089,1007.248,116.26,75.69
1.54,-990.805,224.182,-102.083,1020.967,111,76.38
1.57,-1000.813,219.178,-75.061,1027.278,108.9,76.97
1.59,-998.812,191.155,-97.079,1021.562,116.92,77.89
1.62,-992.807,186.151,-123.1,1017.581,123.48,77.33
1.65,-990.805,209.17,-94.076,1017.004,113.71,75.86
1.68,-1000.813,238.194,-97.079,1033.338,112.17,75.59
1.71,-990.805,221.18,-107.087,1020.825,115.83,76.07
1.73,-1005.817,198.161,-107.087,1030.73,118.39,77.38
1.76,-1009.82,192.156,-96.078,1032.421,116.57,77.99
1.79,-1005.817,216.176,-62.05,1030.655,106.02,77.4
1.82,-1007.819,228.185,-69.056,1035.633,106.84,76.69
1.85,-1003.816,231.188,-84.068,1033.519,111.43,77.09
1.87,-1007.819,205.167,-111.09,1034.472,119.08,76.75
1.9,-999.812,190.155,-123.1,1025.152,122.92,77.23
1.93,-989.804,177.144,-92.075,1009.738,117.46,78.6
1.96,-989.804,188.153,-87.071,1011.284,114.83,78.17
1.98,-987.803,192.156,-101.082,1011.383,117.5,77.42
2.01,-974.792,201.163,-92.075,999.582,114.59,77.21
2.04,-969.788,206.168,-78.063,994.529,110.74,77.19
2.07,-977.794,211.172,-92.075,1004.566,113.56,76.74
2.1,-968.787,208.169,-96.078,995.547,114.78,76.69
2.12,-969.788,211.172,-106.086,998.166,116.67,76.3
2.15,-971.79,210.171,-104.085,999.69,116.35,76.43
2.18,-966.785,207.168,-88.072,992.648,113.75,77.55
2.21,-990.805,183.149,-101.082,1012.648,120.55,77.89
2.24,-982.799,185.15,-106.086,1005.698,119.81,77.75
2.26,-984.8,206.168,-101.082,1011.214,116.12,76.88
2.29,-980.797,218.177,-85.069,1008.365,111.3,76.57
2.32,-991.806,213.173,-59.048,1016.173,105.41,77.48
2.35,-1006.818,218.177,-68.055,1032.432,107.32,77.21
2.38,-993.807,222.181,-68.055,1020.612,107.03,76.84
2.4,-986.802,227.185,-88.072,1016.439,111.19,76.13
2.43,-990.805,229.186,-107.087,1022.589,115.04,75.68
2.46,-999.812,218.177,-114.093,1029.681,117.61,76.17
2.49,-1001.814,226.184,-102.083,1032.091,114.29,76.09
2.51,-1002.815,232.189,-87.071,1033.02,110.16,75.9
2.54,-1000.813,237.193,-117.095,1035.18,115.29,75.31
2.57,-990.805,239.194,-97.079,1023.881,112.09,75.4
2.6,-1005.817,221.18,-79.064,1032.879,109.67,76.86
2.63,-992.807,222.181,-78.063,1020.354,109.36,76.66
2.66,-984.8,216.176,-56.046,1009.804,104.1,76.9
2.68,-991.806,223.181,-61.05,1018.438,105.3,76.87
2.71,-986.802,222.181,-82.067,1014.829,110.27,76.5
2.74,-975.793,204.166,-132.107,1005.638,122.91,76.01
2.77,-976.794,198.161,-129.105,1005.018,123.08,76.39
2.79,-985.801,210.171,-101.082,1013.012,115.69,76.69
2.82,-980.797,212.172,-85.069,1007.083,111.85,76.88
2.85,-972.79,214.174,-80.065,999.301,116.25,76.04
2.88,-975.793,221.18,-100.081,1005.539,114.35,76.03
2.91,-976.794,217.176,-144.117,1010.97,123.57,75.06
2.93,-979.796,195.159,-122.099,1006.477,122.03,76.78
2.96,-991.806,200.163,-91.074,1015.893,114.47,77.5
2.99,-1009.82,201.163,-76.062,1032.468,110.71,77.98
3.02,-1000.813,186.151,-100.081,1022.886,118.26,78.08
3.05,-1000.813,182.148,-108.088,1022.98,120.69,78.05
3.07,-1006.818,193.157,-130.106,1033.402,122.3,77.21
3.1,-997.811,205.167,-118.096,1025.508,119.93,76.65
3.13,-1007.819,203.165,-98.08,1032.761,115.77,77.38
3.16,-1011.822,206.168,-94.076,1036.889,114.53,77.38
3.19,-1008.82,201.163,-94.076,1032.973,111.9,77.8
3.21,-1008.82,210.171,-73.059,1033.067,109.17,77.56
3.24,-1016.826,221.18,-64.052,1042.573,106.15,77.24
3.27,-1009.82,231.188,-62.05,1037.803,105.02,76.66
3.3,-1000.813,216.176,-96.078,1028.392,113.96,76.7
3.32,-994.808,190.155,-119.097,1019.797,122.06,77.29
3.35,-1002.815,192.156,-117.095,1027.751,121.36,77.35
3.38,-992.807,190.155,-108.088,1016.615,120.41,77.84
3.41,-990.805,186.151,-98.08,1012.9,120.14,77.68
3.44,-981.798,193.157,-98.08,1005.413,116.92,77.56
3.47,-974.792,207.168,-84.068,1000.103,112.09,77.08
3.49,-965.785,219.178,-84.068,993.905,110.98,76.34
3.52,-970.789,223.181,-88.072,999.999,112.99,77.63
3.55,-975.793,196.159,-79.064,998.449,111.95,77.77
3.58,-972.79,211.172,-77.063,998.425,110.05,76.99
3.6,-976.794,228.185,-78.063,1006.125,108.89,76.13
3.63,-975.793,221.18,-95.077,1005.053,113.26,76.14
3.66,-976.794,215.175,-101.082,1005.308,115.16,76.32
3.69,-986.802,218.177,-107.087,1016.291,116.14,76.16
3.72,-985.801,211.172,-105.085,1013.627,115.92,76.3
3.74,-986.802,231.188,-148.12,1024.288,115.67,75.43
3.77,-990.805,241.196,-76.062,1022.573,107.5,75.68
3.8,-1004.816,233.189,-58.047,1033.152,103.98,76.55
3.83,-1005.817,220.179,-74.06,1032.294,108.59,77
3.86,-1000.813,200.163,-103.084,1025.826,118.72,77.99
3.88,-1010.821,191.155,-123.1,1036.076,122.78,77.32
3.91,-1012.823,198.161,-124.101,1039.461,122.06,77
3.94,-1005.817,215.175,-120.098,1035.564,119.17,76.23
3.97,-1007.819,215.175,-126.102,1038.22,120.37,76.1
4,-999.812,214.174,-79.064,1025.547,110.26,77.14
4.02,-1003.816,218.177,-60.049,1029.006,105.39,77.3
4.05,-1008.82,207.168,-57.046,1031.45,105.06,78.46
4.08,-988.803,195.159,-79.064,1010.975,112.05,77.98
4.11,-993.807,198.161,-86.07,1017.02,113.48,77.74
4.13,-987.803,176.143,-117.095,1010.194,123.61,77.91
4.16,-978.795,178.145,-124.101,1002.585,124.86,77.49
4.19,-986.802,210.171,-108.088,1014.708,117.22,76.53
4.22,-981.798,222.181,-96.078,1011.198,113.39,76.15
4.25,-978.795,210.171,-123.1,1008.645,122.38,76.78
4.27,-971.79,187.152,-157.128,1002.043,128.17,76.24
4.3,-978.795,184.15,-146.119,1006.629,128.43,76.5
4.33,-975.793,203.165,-98.08,1001.533,115.77,76.98
4.36,-981.798,220.179,-82.067,1009.525,110.44,76.54
4.39,-995.809,231.188,-76.062,1025.119,116.89,76.56
4.41,-984.8,200.163,-113.092,1011.279,119.47,76.86
4.44,-994.808,197.16,-108.088,1019.901,118.73,77.26
4.47,-1003.816,202.164,-102.083,1029.047,116.79,77.29
4.5,-990.805,215.175,-89.072,1017.806,112.49,76.77
4.53,-992.807,227.185,-121.098,1025.643,118.06,75.46
4.55,-986.802,229.186,-111.09,1019.139,115.86,75.53
4.58,-990.805,222.181,-112.091,1021.579,117.63,76.29
4.61,-1004.816,219.178,-94.076,1032.737,108.67,77.03
4.64,-1006.818,217.176,-63.051,1031.903,106.19,77.34
4.67,-995.809,217.176,-98.08,1023.924,114.3,76.54
4.69,-987.803,219.178,-112.091,1018.016,117.09,76.01
4.72,-992.807,232.189,-114.093,1025.96,118.26,75.55
4.75,-987.803,222.181,-116.094,1019.115,117.59,75.76
4.78,-984.8,233.189,-105.085,1017.473,114.26,75.44
4.8,-1000.813,220.179,-94.076,1029.056,113.14,76.55
4.83,-981.798,208.169,-98.08,1008.405,115.23,76.81
4.86,-977.794,201.163,-108.088,1004.107,118.25,76.85
4.89,-972.79,215.175,-93.076,1000.642,113.39,76.45
4.92,-968.787,217.176,-80.065,996.054,110.59,76.77
4.94,-973.791,204.166,-87.071,998.766,116.79,76.78
4.97,-970.789,196.159,-108.088,996.289,118.86,77.01
5,-977.794,204.166,-81.066,1002.166,111.66,77.34
5.03,-984.8,210.171,-67.054,1009.207,107.7,77.37
5.06,-985.801,209.17,-71.058,1010.25,108.52,77.22
5.08,-983.799,208.169,-81.066,1008.844,111.28,77.21
5.11,-988.803,203.165,-99.081,1014.31,116,77.12
5.14,-997.811,194.158,-93.076,1020.777,115.61,77.82
5.17,-997.811,195.159,-94.076,1021.06,115.74,77.75
5.2,-1001.814,200.163,-81.066,1024.826,112.05,77.84
5.22,-1008.82,192.156,-86.07,1030.558,114.13,78.21
5.25,-1010.821,190.155,-87.071,1032.231,114.49,78.15
5.28,-1009.82,201.163,-73.059,1032.251,112.44,77.84
5.31,-1011.822,211.172,-81.066,1036.797,111,77.4
5.34,-1011.822,218.177,-71.058,1037.514,108.04,77.22
5.36,-1009.82,212.172,-62.05,1033.733,106.3,77.65
5.39,-1003.816,203.165,-96.078,1028.666,117.81,78.33
5.42,-995.809,164.133,-111.09,1015.341,124.09,78.74
5.45,-997.811,167.136,-106.086,1017.258,122.4,78.78
5.48,-988.803,177.144,-94.076,1008.941,117.97,78.53
5.5,-983.799,187.152,-82.067,1004.799,113.68,78.27
5.53,-984.8,196.159,-99.081,1009.023,116.8,77.42
5.56,-982.799,190.155,-101.082,1006.116,117.99,77.64
5.59,-983.799,192.156,-95.077,1006.889,115.87,77.54
5.61,-982.799,201.163,-89.072,1007.121,113.88,77.38
5.64,-980.797,205.167,-91.074,1006.156,113.94,77.11
5.67,-984.8,200.163,-92.075,1009.145,114.7,77.39
5.7,-980.797,197.16,-94.076,1004.831,115.51,77.44
5.73,-979.796,200.163,-88.072,1003.903,113.33,77.19
5.75,-983.799,203.165,-108.088,1010.356,118.01,76.83
5.78,-982.799,196.159,-128.104,1010.338,123.15,76.59
5.81,-990.805,196.159,-111.09,1016.127,119.52,77.18
5.84,-998.812,201.163,-84.068,1022.33,112.68,77.69
5.86,-1006.818,199.162,-59.048,1028.025,106.51,78.34
5.89,-1003.816,207.168,-55.045,1026.447,104.88,77.95
5.92,-998.812,216.176,-65.053,1024.006,102.8,77.35
5.95,-1001.814,213.173,-85.069,1027.77,111.76,77.1
5.98,-993.807,207.168,-111.09,1021.231,118.2,76.69
6.01,-1000.813,205.167,-110.089,1027.541,118.22,76.9
6.03,-1001.814,212.172,-104.085,1029.312,116.13,76.73
6.06,-999.812,212.172,-92.075,1026.216,113.46,76.97
6.09,-1008.82,200.163,-108.088,1034.15,118.37,77.29
6.12,-995.809,210.171,-105.085,1023.157,116.67,76.77
6.15,-990.805,225.183,-94.076,1020.418,109.57,76.44
6.17,-990.805,235.191,-75.061,1021.099,107.7,76.01
6.2,-977.794,232.189,-76.062,1007.859,108.14,75.97
6.23,-977.794,233.189,-78.063,1008.243,108.51,75.88
6.26,-977.794,237.193,-79.064,1009.254,108.8,75.65
6.28,-979.796,230.187,-79.064,1009.573,108.96,76.05
6.31,-978.795,215.175,-92.075,1006.389,113.17,76.55
6.34,-973.791,187.152,-115.094,998.269,121.59,77.29
6.37,-971.79,188.153,-112.091,996.163,120.78,77.3
6.4,-973.791,215.175,-97.079,1001.995,114.28,76.37
6.42,-970.789,221.18,-92.075,999.914,112.6,76.14
6.45,-975.793,220.179,-93.076,1004.646,114.94,77.25
6.48,-983.799,204.166,-124.101,1012.396,116.79,76.91
6.51,-983.799,208.169,-80.065,1008.765,111.04,77.23
6.54,-988.803,228.185,-59.048,1016.507,104.51,76.59
6.56,-994.808,226.184,-66.054,1022.333,106.28,76.67
6.59,-994.808,218.177,-80.065,1021.594,126.78,76.13
6.62,-994.808,190.155,-144.117,1023.021,127.16,76.51
6.65,-995.809,201.163,-117.095,1022.65,120.2,76.84
6.68,-1006.818,238.194,-100.081,1039.44,112.79,75.61
6.7,-1007.819,241.196,-93.076,1040.451,111.1,75.61
6.73,-1011.822,226.184,-72.059,1039.296,107.67,76.8
6.76,-1013.824,210.171,-70.057,1037.747,108.43,77.67
6.79,-1013.824,194.158,-82.067,1035.505,114.86,79.1
6.81,-1000.813,170.138,-95.077,1019.614,123.85,78.43
6.84,-996.81,178.145,-121.098,1019.819,124.21,77.81
6.87,-985.801,212.172,-102.083,1013.529,115.69,76.57
6.9,-986.802,219.178,-85.069,1014.423,111.21,76.6
6.93,-987.803,219.178,-67.054,1014.046,106.94,76.95
6.96,-992.807,199.162,-94.076,1016.947,115.28,77.49
6.98,-983.799,181.147,-108.088,1006.16,120.82,77.9
7.01,-990.805,194.158,-104.085,1015,118.19,77.46
7.04,-981.798,199.162,-100.081,1006.781,116.68,77.21
7.07,-985.801,199.162,-98.08,1010.489,116.22,77.31
7.09,-985.801,185.15,-119.097,1010.083,122.75,77.41
7.12,-974.792,180.146,-127.103,999.414,122.55,76.34
7.15,-977.794,212.172,-107.087,1006.264,114.81,76.56
7.18,-983.799,227.185,-79.064,1012.781,109.19,76.26
7.21,-992.807,217.176,-86.07,1019.921,111.62,76.76
7.23,-989.804,205.167,-102.083,1015.986,116.45,76.96
7.26,-992.807,195.159,-134.109,1020.655,125.48,76.95
7.29,-995.809,177.144,-138.112,1020.828,127.94,77.29
7.32,-999.812,176.143,-135.11,1024.161,127.49,77.48
7.35,-1001.814,202.164,-93.076,1026.238,114.72,77.47
7.37,-999.812,220.179,-84.068,1027.215,110.9,76.74
7.4,-1009.82,215.175,-81.066,1035.668,110.64,77.17
7.43,-1002.815,216.176,-88.072,1029.624,112.17,76.9
7.46,-999.812,214.174,-98.08,1027.188,110.64,76.99
7.49,-993.807,220.179,-89.072,1021.795,112.03,76.56
7.51,-994.808,219.178,-77.063,1021.578,109.37,76.85
7.54,-1007.819,210.171,-81.066,1032.687,111.09,77.4
7.57,-992.807,190.155,-98.08,1015.6,117.28,77.84
7.6,-1001.814,187.152,-111.09,1025.182,120.69,77.74
7.62,-994.808,189.154,-110.089,1018.598,120.2,77.59
7.65,-984.8,190.155,-106.086,1008.585,119.16,77.53
7.68,-984.8,189.154,-102.083,1007.984,114.47,78.08
7.71,-981.798,184.15,-101.082,1004.02,118.76,77.92
7.74,-969.788,185.15,-112.091,993.647,121.19,77.42
7.76,-968.787,183.149,-106.086,991.638,120.08,77.68
7.79,-971.79,187.152,-92.075,993.921,110.92,78.13
7.82,-969.788,198.161,-69.056,992.232,109.21,77.79
7.85,-970.789,194.158,-77.063,993.009,111.65,77.86
7.88,-984.8,195.159,-88.072,1007.807,114.29,77.73
7.9,-982.799,181.147,-94.076,1003.772,117.44,78.27
7.93,-992.807,182.148,-77.063,1012.315,112.93,78.73
7.96,-996.81,187.152,-78.063,1017.226,112.64,78.5
7.99,-999.812,198.161,-76.062,1022.095,111,78.01
8.02,-1001.814,193.157,-79.064,1023.324,115.73,77.92
8.04,-1006.818,197.16,-99.081,1030.714,116.68,77.64
8.07,-1002.815,192.156,-106.086,1026.555,118.9,77.65
8.1,-1010.821,203.165,-96.078,1035.503,115.31,77.47
8.13,-1011.822,213.173,-86.07,1037.61,115.09,77.39
8.15,-1016.826,207.168,-89.072,1041.532,113.27,77.5
8.18,-1007.819,209.17,-90.073,1033.23,113.3,77.27
8.21,-1002.815,223.181,-89.072,1031.204,111.76,76.52
8.24,-1000.813,222.181,-90.073,1029.128,112.07,76.53
8.27,-998.812,201.163,-117.095,1025.574,120.2,76.88
8.29,-991.806,199.162,-100.081,1016.543,116.68,77.33
8.32,-994.808,205.167,-89.072,1019.642,112.21,76.67
8.35,-997.811,221.18,-60.049,1023.793,105.19,77.06
8.38,-995.809,215.175,-91.074,1022.854,112.94,76.8
8.41,-975.793,213.173,-98.08,1003.611,114.71,76.48
8.43,-980.797,215.175,-95.077,1008.614,113.84,76.51
8.46,-977.794,221.18,-88.072,1006.359,114.99,76.15
8.49,-984.8,216.176,-114.093,1014.682,117.82,76.06
8.52,-980.797,210.171,-116.094,1009.758,118.92,76.24
8.55,-977.794,216.176,-104.085,1006.801,115.71,76.21
8.57,-971.79,227.185,-94.076,1002.416,112.49,75.8
8.6,-981.798,230.187,-84.068,1011.919,110.06,75.99
8.63,-988.803,213.173,-96.078,1016.074,114.26,76.7
8.66,-986.802,197.16,-97.079,1010.977,116.45,77.54
8.69,-992.807,205.167,-125.102,1021.474,116.45,77
8.71,-995.809,219.178,-81.066,1022.862,110.3,76.79
8.74,-987.803,233.189,-89.072,1018.855,110.91,75.82
8.77,-990.805,228.185,-80.065,1019.889,109.33,76.28
8.8,-1001.814,217.176,-80.065,1028.206,109.09,77.72
8.82,-1005.817,199.162,-79.064,1028.389,111.65,77.97
8.85,-1007.819,204.166,-75.061,1031.027,110.19,77.82
8.88,-1007.819,226.184,-69.056,1035.194,106.98,76.79
8.91,-1006.818,219.178,-75.061,1033.129,108.9,77.04
8.94,-1006.818,202.164,-83.067,1030.269,112.34,77.75
8.97,-1004.816,194.158,-91.074,1027.447,115.13,77.95
8.99,-996.81,189.154,-93.076,1018.858,115.61,77.79
9.02,-995.809,204.166,-97.079,1021.148,113.1,77.43
9.05,-994.808,208.169,-82.067,1019.663,111.52,77.32
9.08,-988.803,205.167,-89.072,1013.785,113.47,77.25
9.1,-984.8,201.163,-81.066,1008.4,111.95,77.58
9.13,-984.8,208.169,-69.056,1008.927,107.72,76.95
9.16,-975.793,208.169,-86.07,1001.456,112.46,77
9.19,-973.791,195.159,-99.081,998.085,116.92,77.33
9.22,-971.79,196.159,-110.089,997.483,119.3,76.97
9.24,-974.792,205.167,-103.084,1001.468,116.68,76.75
9.27,-972.79,229.186,-79.064,1002.546,109.03,76.01
9.3,-979.796,229.186,-95.077,1010.726,112.53,75.79
9.33,-983.799,207.168,-97.079,1010.052,115.76,77.28
9.35,-988.803,210.171,-67.054,1013.114,106.7,77.49
9.38,-997.811,226.184,-60.049,1024.886,104.87,76.8
9.41,-984.8,240.195,-103.084,1018.897,113.23,75.14
9.44,-989.804,244.198,-101.082,1024.482,112.49,75.05
9.47,-996.81,239.194,-86.07,1028.714,110.42,76.07
9.49,-994.808,226.184,-87.071,1023.906,111.05,76.31
9.52,-1001.814,231.188,-88.072,1031.909,110.85,76.13
9.55,-1008.82,224.182,-79.064,1036.449,109.43,76.74
9.58,-1003.816,218.177,-81.066,1030.446,110.38,76.95
9.61,-1004.816,213.173,-84.068,1030.614,111.52,77.15
9.63,-1002.815,211.172,-84.068,1028.25,111.71,77.23
9.66,-996.81,209.17,-97.079,1023.136,114.79,76.92
9.69,-985.801,212.172,-95.077,1012.848,114.14,76.73
9.72,-987.803,219.178,-84.068,1015.313,110.98,76.63
9.75,-993.807,206.168,-82.067,1018.28,111.71,77.41
9.77,-988.803,201.163,-80.065,1012.23,111.7,77.65
9.8,-990.805,201.163,-74.06,1013.729,108.99,77.21
9.83,-988.803,218.177,-77.063,1015.516,109.45,76.83
9.86,-981.798,221.18,-76.062,1009.273,108.98,76.6
9.89,-977.794,221.18,-87.071,1006.272,111.49,76.34
9.91,-971.79,215.175,-100.081,1000.346,114.94,76.28
9.94,-969.788,207.168,-99.081,996.606,115.56,76.68
9.97,-972.79,217.176,-93.076,1001.074,113.2,76.35
10,-978.795,220.179,-82.067,1006.605,107.14,77
10.02,-985.801,210.171,-79.064,1011.052,110.62,77.17
10.05,-989.804,204.166,-75.061,1013.425,110.19,77.61
10.08,-995.809,208.169,-83.067,1020.72,111.75,77.32
10.11,-988.803,217.176,-83.067,1015.775,110.93,76.77
10.14,-988.803,229.186,-77.063,1017.938,108.58,76.26
10.17,-993.807,225.183,-75.061,1021.761,108.43,76.57
10.19,-997.811,213.173,-79.064,1023.387,110.35,77.16
10.22,-997.811,190.155,-112.091,1021.934,121.62,77.38
10.25,-999.812,181.147,-121.098,1023.281,123.76,77.71
10.28,-1005.817,192.156,-88.072,1027.788,114.62,78.13
10.3,-1005.817,207.168,-66.054,1029.053,107.68,77.8
10.33,-998.812,225.183,-59.048,1025.582,95.43,76.24
10.36,-998.812,251.204,-36.029,1030.546,98.16,75.74
10.39,-999.812,246.2,-50.041,1030.894,101.49,75.89
10.42,-992.807,198.161,-91.074,1016.478,114.68,77.61
10.44,-995.809,192.156,-109.089,1020.029,119.58,77.49
10.47,-982.799,195.159,-119.097,1009.041,121.39,76.9
10.5,-979.796,209.17,-106.086,1007.475,116.89,76.54
10.53,-980.797,220.179,-91.074,1009.324,113.13,76.57
10.56,-962.782,215.175,-113.092,992.995,118.14,75.78
10.58,-960.781,198.161,-140.114,990.959,125.26,75.82
10.61,-968.787,205.167,-103.084,995.624,116.68,76.67
10.64,-975.793,208.169,-84.068,1001.286,111.99,77.04
10.67,-970.789,216.176,-79.064,997.704,109.59,76.4
10.7,-979.796,208.169,-87.071,1005.443,112.7,77.03
10.72,-973.791,207.168,-109.089,1001.543,117.77,76.48
10.75,-982.799,205.167,-130.106,1012.38,122.38,76.12
10.78,-981.798,212.172,-139.113,1014.049,123.25,75.51
10.81,-982.799,214.174,-128.104,1013.989,120.88,75.75
10.84,-983.799,217.176,-117.095,1014.267,118.33,75.92
10.86,-990.805,217.176,-104.085,1019.654,111.71,76.49
10.89,-992.807,218.177,-101.082,1021.511,114.86,76.39
10.92,-990.805,212.172,-91.074,1017.353,113.23,76.88
10.95,-1009.82,217.176,-68.055,1035.149,107.4,77.3
10.98,-1012.823,218.177,-64.052,1038.034,106.36,77.35
11,-1011.822,216.176,-106.086,1040.082,116.14,76.61
11.03,-1010.821,198.161,-109.089,1035.822,118.83,77.39
11.06,-1015.825,170.138,-126.102,1037.666,125.14,77.84
11.09,-1004.816,194.158,-91.074,1027.447,111.9,78.24
11.12,-1001.814,202.164,-68.055,1024.272,108.6,77.98
11.14,-991.806,220.179,-58.047,1017.609,104.77,77.07
11.17,-993.807,220.179,-66.054,1020.047,106.7,76.98
11.2,-987.803,205.167,-108.088,1014.658,117.78,76.79
11.23,-983.799,211.172,-87.071,1009.968,112.41,76.93
11.26,-992.807,221.18,-78.063,1020.137,109.6,76.81
11.28,-995.809,169.137,-65.053,1012.164,115.05,79.38
11.31,-995.809,158.128,-77.063,1011.226,115.98,79.98
11.34,-988.803,179.146,-62.05,1006.815,109.1,79.15
11.37,-984.8,204.166,-53.043,1007.139,104.56,77.91
11.4,-983.799,228.185,-53.043,1011.308,105.79,75.91
11.42,-980.797,236.192,-89.072,1012.76,110.66,75.57
11.45,-979.796,219.178,-105.085,1009.496,115.62,76.07
11.48,-991.806,187.152,-102.083,1014.458,118.61,77.87
11.51,-993.807,183.149,-93.076,1014.82,116.94,78.32
11.54,-998.812,185.15,-101.082,1020.844,118.63,78.07
11.56,-992.807,194.158,-97.079,1016.261,116.57,77.67
11.59,-988.803,209.17,-80.065,1013.851,109.65,76.56
11.62,-1003.816,234.19,-90.073,1034.7,107.99,76.22
11.65,-1001.814,240.195,-85.069,1033.713,109.5,75.73
11.68,-1000.813,228.185,-124.101,1033.971,118.54,75.45
11.7,-996.81,213.173,-130.106,1027.619,121.4,75.93
11.73,-1004.816,191.155,-113.092,1029.071,120.61,77.54
11.76,-1006.818,193.157,-85.069,1028.703,113.77,78.16
11.79,-1005.817,202.164,-66.054,1028.057,107.22,77.49
11.81,-997.811,222.181,-64.052,1024.252,107.97,76.83
11.84,-993.807,218.177,-86.07,1021.109,111.53,76.72
11.87,-990.805,207.168,-132.107,1020.816,122.52,76.07
11.9,-979.796,192.156,-143.116,1008.666,126.68,76.26
11.93,-970.789,196.159,-92.075,994.679,114.59,77.2
11.96,-969.788,210.171,-77.063,995.288,110.14,77
11.98,-960.781,221.18,-65.053,988.054,106.39,76.51
12.01,-977.794,223.181,-86.07,1006.628,111.09,76.25
12.04,-962.782,188.153,-122.099,988.564,122.98,76.89
12.07,-965.785,174.141,-127.103,989.556,126.13,77.42
12.1,-973.791,183.149,-115.094,997.527,122.15,77.48
12.12,-965.785,207.168,-110.089,993.87,116.46,75.68
12.15,-983.799,218.177,-95.077,1012.177,115.29,76.22
12.18,-981.798,203.165,-102.083,1007.782,116.68,76.96
12.21,-997.811,194.158,-90.073,1020.508,114.89,77.89
12.23,-1006.818,195.159,-95.077,1029.956,115.97,77.83
12.26,-989.804,228.185,-99.081,1020.587,113.47,75.8
12.29,-996.81,242.197,-95.077,1030.208,111.43,75.37
12.32,-1004.816,244.198,-91.074,1038.067,110.45,75.46
12.35,-1006.818,184.15,-108.088,1029.212,120.18,78.05
12.38,-1018.828,162.132,-119.097,1038.499,126.3,78.83
12.4,-1015.825,168.137,-108.088,1035.304,122.74,78.87
12.43,-1021.83,181.147,-98.08,1042.387,118.43,78.6
12.46,-1015.825,197.16,-94.076,1039.049,118.48,76.43
12.49,-1005.817,215.175,-119.097,1035.448,118.96,76.26
12.52,-998.812,214.174,-127.103,1029.393,120.69,76
12.54,-984.8,200.163,-122.099,1012.326,121.38,76.61
12.57,-984.8,209.17,-103.084,1012.032,116.24,76.68
12.6,-994.808,212.172,-80.065,1020.329,110.67,77.16
12.63,-990.805,205.167,-76.062,1014.679,110.34,77.55
12.65,-989.804,199.162,-77.063,1012.579,113.71,78.25
12.68,-986.802,176.143,-109.089,1008.318,121.77,78.14
12.71,-986.802,180.146,-114.093,1009.578,122.35,77.81
12.74,-981.798,203.165,-111.09,1008.734,118.67,76.73
12.77,-972.79,213.173,-113.092,1002.274,117.95,76.07
12.79,-967.786,238.194,-111.09,1002.84,115,74.81
12.82,-967.786,240.195,-103.084,1002.462,113.23,74.89
12.85,-972.79,230.187,-101.082,1004.751,114.86,76.12
12.88,-973.791,213.173,-93.076,1001.187,114.93,76.43
12.91,-986.802,215.175,-101.082,1015.035,115.16,76.45
12.94,-997.811,234.19,-70.057,1027.317,106.65,76.23
12.96,-998.812,234.19,-62.05,1027.774,104.84,76.37
12.99,-1001.814,237.193,-74.06,1032.171,107.48,76.23
13.02,-989.804,239.194,-116.094,1024.892,115.89,74.96
13.05,-976.794,227.185,-114.093,1009.334,116.67,75.41
13.07,-995.809,229.186,-87.071,1025.545,110.8,76.17
13.1,-998.812,213.173,-88.072,1025.097,112.45,77
13.13,-991.806,218.177,-105.085,1020.942,115.72,76.28
13.16,-995.809,223.181,-114.093,1026.87,117.08,75.87
13.19,-994.808,232.189,-111.09,1027.568,109.67,75.84
13.21,-992.807,234.19,-74.06,1022.739,107.55,76.1
13.24,-996.81,230.187,-57.046,1024.632,103.92,76.62
13.27,-1004.816,202.164,-82.067,1028.232,112.09,77.75
13.3,-989.804,199.162,-90.073,1013.652,114.34,77.55
13.33,-982.799,217.176,-99.081,1011.373,114.52,76.35
13.35,-978.795,225.183,-98.08,1009.142,113.54,75.91
13.38,-973.791,218.177,-107.087,1003.662,118.03,76.83
13.41,-974.792,191.155,-114.093,999.888,122.35,76.93
13.44,-974.792,184.15,-119.097,999.157,122.89,77.32
13.47,-967.786,199.162,-80.065,991.305,111.9,77.49
13.49,-970.789,217.176,-67.054,997.042,107.16,76.82
13.52,-978.795,205.167,-72.059,1002.659,109.75,78.8
13.55,-970.789,168.137,-84.068,988.822,116.57,79.04
13.58,-978.795,165.134,-99.081,997.56,120.96,78.87
13.6,-982.799,192.156,-77.063,1004.368,111.85,78.1
13.63,-987.803,212.172,-63.051,1012.298,106.55,77.37
13.66,-995.809,240.195,-86.07,1027.977,109.71,75.63
13.69,-998.812,191.155,-132.107,1025.484,124.65,76.9
13.72,-997.811,176.143,-137.111,1022.474,129.03,77.81
13.75,-1021.83,165.134,-146.119,1045.35,126.7,78.6
13.77,-1012.823,190.155,-99.081,1035.271,117.52,78.05
13.8,-1017.827,234.19,-65.053,1046.446,105.52,76.57
13.83,-1021.83,242.197,-57.046,1051.689,103.25,76.31
13.86,-1011.822,215.175,-80.065,1037.542,110.41,77.22
13.89,-1012.823,208.169,-112.091,1040.052,118.3,76.86
13.91,-1009.82,202.164,-120.098,1036.837,120.22,76.71
13.94,-1011.822,217.176,-114.093,1041.137,116.88,76.47
13.97,-1004.816,225.183,-95.077,1034.119,112.89,76.33
14,-998.812,208.169,-101.082,1025.269,115.9,76.96
14.02,-984.8,195.159,-115.094,1010.527,120.53,77.04
14.05,-980.797,197.16,-125.102,1008.209,128.62,75.49
14.08,-986.802,202.164,-145.118,1017.697,125.67,75.85
14.11,-981.798,209.17,-112.091,1010.071,118.19,76.41
14.14,-985.801,231.188,-61.05,1014.386,104.79,76.37
14.17,-1008.82,182.148,-119.097,1032.027,123.18,77.83
14.19,-957.778,208.169,-100.081,985.236,115.68,76.44
14.22,-961.781,227.185,-110.089,994.362,115.85,75.29
14.25,-979.796,235.191,-119.097,1014.642,113.82,75.86
14.28,-959.78,215.175,-115.094,990.315,118.14,75.73
14.31,-972.79,212.172,-105.085,1001.19,116.35,76.32
14.33,-990.805,188.153,-93.076,1012.798,116.32,78.04
14.36,-994.808,172.14,-104.085,1014.943,121.16,78.57
14.39,-1005.817,159.129,-113.092,1024.588,125.4,79.02
14.42,-1008.82,160.13,-111.09,1027.473,124.75,79.07
14.44,-1011.822,178.145,-93.076,1031.592,114.61,77.55
14.47,-1010.821,219.178,-71.058,1036.749,106.29,77.27
14.5,-1009.82,221.18,-71.058,1036.198,107.81,77.04
14.53,-1008.82,204.166,-92.075,1033.382,114.27,77.48
14.56,-1006.818,191.155,-104.085,1030.076,118.57,77.8
14.59,-1004.816,187.152,-108.088,1027.796,120.01,77.75
14.61,-997.811,188.153,-104.085,1020.716,118.95,77.84
14.64,-1004.816,187.152,-105.085,1027.485,119.31,77.94
14.67,-1003.816,168.137,-109.089,1023.629,122.98,78.71
14.7,-1001.814,175.142,-83.067,1020.395,115.37,79.05
14.73,-1003.816,199.162,-61.05,1025.202,107.04,78.28
14.75,-1000.813,201.163,-77.063,1023.734,110.96,77.85
14.78,-1001.814,179.146,-116.094,1024.306,127.67,77.59
14.81,-966.785,176.143,-121.098,990.134,124.51,77.53
14.84,-973.791,195.159,-99.081,998.085,116.92,77.33
14.87,-964.784,233.189,-57.046,994.203,103.75,76.03
14.89,-973.791,238.194,-76.062,1005.381,107.71,75.6
14.92,-964.784,191.155,-108.088,989.46,119.49,77.18
14.95,-966.785,175.142,-115.094,989.24,123.31,77.77
14.98,-977.794,172.14,-112.091,999.139,123.22,77.99
15.01,-971.79,186.151,-122.099,996.963,118.26,77.73
15.03,-979.796,196.159,-92.075,1003.472,115.14,77.53
15.06,-980.797,220.179,-73.059,1007.859,108.36,76.69
15.09,-981.798,231.188,-72.059,1011.221,107.31,76.14
15.12,-991.806,234.19,-56.046,1020.62,103.51,76.52
15.15,-1004.816,233.189,-66.054,1033.633,105.82,76.44
15.17,-998.812,228.185,-76.062,1027.365,108.43,76.46
15.2,-1002.815,209.17,-106.086,1029.876,116.89,76.84
15.23,-1007.819,206.168,-103.084,1033.842,116.57,77.12
15.26,-1011.822,214.174,-84.068,1037.652,111.43,77.19
15.28,-1011.822,222.181,-75.061,1038.644,108.67,76.95
15.31,-1009.82,226.184,-76.062,1037.633,113.67,76.71
15.34,-999.812,213.173,-115.094,1028.744,118.36,76.38
15.37,-991.806,212.172,-134.109,1023.074,122.3,75.8
15.4,-996.81,214.174,-98.08,1024.266,114.61,76.7
15.43,-1003.816,206.168,-85.069,1028.294,112.42,77.47
15.45,-995.809,165.134,-78.063,1012.422,115.3,79.61
15.48,-994.808,176.143,-82.067,1013.61,114.98,78.95
15.51,-990.805,190.155,-82.067,1012.219,112.5,77.7
15.54,-983.799,220.179,-89.072,1012.064,113.57,76.26
15.56,-981.798,236.192,-107.087,1015.471,114.39,75.2
15.59,-977.794,215.175,-118.096,1008.131,118.76,75.91
15.62,-975.793,197.16,-116.094,1002.258,120.49,76.8
15.65,-983.799,187.152,-74.06,1004.177,112.13,78.66
15.68,-976.794,191.155,-90.073,999.39,115.23,77.79
15.71,-979.796,203.165,-100.081,1005.63,116.23,76.98
15.73,-981.798,204.166,-110.089,1008.826,118.33,76.71
15.76,-985.801,205.167,-96.078,1011.498,115.09,77.06
15.79,-993.807,212.172,-68.055,1018.48,107.78,77.36
15.82,-992.807,207.168,-93.076,1018.453,114.19,77.11
15.85,-997.811,210.171,-112.091,1025.847,112.74,77
15.87,-992.807,204.166,-100.081,1018.511,116.11,77.1
15.9,-999.812,204.166,-99.081,1025.244,115.89,77.21
15.93,-999.812,215.175,-93.076,1026.931,113.39,76.8
15.96,-1002.815,218.177,-90.073,1030.219,112.43,76.75
15.98,-997.811,200.163,-113.092,1023.954,119.47,77.03
16.01,-995.809,201.163,-107.087,1021.553,118.03,77.11
16.04,-1001.814,207.168,-90.073,1026.968,112.62,76.84
16.07,-1006.818,227.185,-94.076,1036.41,106.91,76.67
16.1,-1001.814,236.192,-61.05,1031.089,104.49,76.31
16.12,-995.809,209.17,-77.063,1020.454,110.22,77.38
16.15,-987.803,195.159,-104.085,1012.262,118.07,77.38
16.18,-983.799,178.145,-145.118,1010.275,129.17,76.72
16.21,-967.786,187.152,-131.107,994.397,125.01,76.72
16.24,-970.789,203.165,-111.09,998.022,118.67,76.58
16.26,-962.782,227.185,-80.065,992.458,109.41,75.95
16.29,-969.788,226.184,-80.065,999.029,109.49,76.1
16.32,-969.788,209.17,-89.072,996.08,113.07,76.81
16.35,-969.788,208.169,-92.075,996.143,113.86,76.79
16.38,-969.788,205.167,-94.076,995.707,114.85,77.08
16.4,-974.792,208.169,-86.07,1000.481,112.46,76.99
16.43,-984.8,218.177,-86.07,1012.344,111.53,76.6
16.46,-982.799,231.188,-73.059,1012.264,107.54,76.14
16.49,-987.803,205.167,-110.089,1014.873,118.22,76.74
16.52,-984.8,196.159,-100.081,1009.121,117.03,77.4
16.54,-994.808,196.159,-119.097,1020.934,121.26,77.01
16.57,-993.807,209.17,-106.086,1021.107,116.35,76.48
16.6,-998.812,215.175,-96.078,1026.234,109.7,77.11
16.63,-1008.82,227.185,-68.055,1036.321,106.68,76.77
16.66,-1000.813,248.202,-67.054,1033.309,105.12,75.59
16.68,-1007.819,250.203,-91.074,1042.399,110,75.2
16.71,-998.812,243.198,-123.1,1035.337,122.32,75.49
16.74,-993.807,205.167,-132.107,1023.327,122.78,76.2
16.77,-1001.814,205.167,-116.094,1029.176,119.5,76.76
16.8,-1001.814,205.167,-75.061,1025.358,110.1,77.7
16.82,-1001.814,215.175,-65.053,1026.725,106.82,77.35
16.85,-988.803,224.182,-82.067,1017.214,110.11,76.43
16.88,-986.802,234.19,-86.07,1017.856,110.18,75.81
16.91,-985.801,243.198,-100.081,1020.277,109.07,75.41
16.93,-980.797,221.18,-100.081,1010.396,114.35,76.1
16.96,-981.798,195.159,-114.093,1007.487,120.31,77.03
16.99,-981.798,185.15,-104.085,1004.51,119.34,77.79
17.02,-984.8,205.167,-88.072,1009.793,113.23,77.23
17.05,-976.794,232.189,-74.06,1006.738,107.69,75.99
17.08,-981.798,233.189,-83.067,1012.524,109.61,75.85
17.1,-979.796,222.181,-92.075,1008.882,113.76,76.87
17.13,-986.802,201.163,-104.085,1012.461,118.25,76.97
17.16,-986.802,201.163,-99.081,1011.959,116.22,77.2
17.19,-997.811,223.181,-64.052,1024.47,106.01,76.9
17.21,-993.807,234.19,-58.047,1022.677,103.92,76.35
17.24,-999.812,230.187,-71.058,1028.426,115.14,75.73
17.27,-989.804,206.168,-94.076,1015.415,114.53,77.1
17.3,-996.81,201.163,-99.081,1021.721,116.22,77.32
17.33,-992.807,211.172,-71.058,1017.501,108.6,77.35
17.35,-1000.813,224.182,-68.055,1027.87,106.89,76.82
17.38,-990.805,231.188,-76.062,1020.259,108.21,76.2
17.41,-993.807,231.188,-84.068,1023.801,109.98,76.1
17.44,-1001.814,226.184,-85.069,1030.547,111.12,76.56
17.47,-990.805,213.173,-120.098,1020.569,118.78,76.21
17.5,-993.807,203.165,-135.11,1023.32,123.62,76.21
17.52,-993.807,185.15,-124.101,1018.496,123.83,77.36
17.55,-991.806,192.156,-106.086,1015.804,118.9,77.52
17.58,-994.808,221.18,-60.049,1020.867,105.19,77.03
17.61,-987.803,232.189,-59.048,1016.441,104.27,76.37
17.63,-988.803,220.179,-66.054,1015.172,107.93,77.76
17.66,-965.785,212.172,-77.063,991.814,109.24,76.9
17.69,-982.799,207.168,-77.063,1007.348,110.4,77.32
17.72,-967.786,194.158,-105.085,992.648,118.42,77.15
17.75,-964.784,197.16,-117.095,991.661,120.71,76.63
17.77,-967.786,199.162,-122.099,995.582,120.96,76.03
17.8,-963.783,198.161,-119.097,991.125,121.01,76.51
17.83,-974.792,188.153,-115.094,999.434,121.45,77.25
17.86,-985.801,190.155,-76.062,1006.85,111.8,78.26
17.89,-993.807,205.167,-69.056,1017.111,108.6,77.71
17.91,-993.807,214.174,-93.076,1020.876,113.49,76.78
17.94,-986.802,182.148,-141.115,1013.345,127.77,76.86
17.97,-986.802,184.15,-146.119,1014.416,128.28,76.44
18,-1000.813,198.161,-160.13,1032.732,122.26,76.82
18.03,-997.811,210.171,-92.075,1023.853,113.66,77.05
18.05,-1010.821,236.192,-63.051,1039.962,104.95,76.4
18.08,-1011.822,235.191,-68.055,1041.024,106.14,76.4
18.11,-1010.821,222.181,-55.045,1036.414,104.61,77.86
18.14,-1018.828,184.15,-99.081,1040.066,118.28,78.4
18.17,-1009.82,177.144,-103.084,1030.409,120.2,78.53
18.19,-1002.815,190.155,-86.07,1024.307,114.35,78.24
18.22,-997.811,206.168,-79.064,1021.95,110.98,77.52
18.25,-988.803,223.181,-81.066,1016.914,109.96,76.5
18.28,-992.807,205.167,-110.089,1019.744,118.22,76.8
18.31,-995.809,191.155,-122.099,1021.315,119.58,77.46
18.33,-991.806,206.168,-97.079,1017.648,115.21,77.06
18.36,-981.798,223.181,-82.067,1010.184,110.19,76.39
18.39,-983.799,244.198,-85.069,1017.217,109.21,75.27
18.42,-978.795,231.188,-92.075,1009.934,111.72,75.74
18.45,-973.791,203.165,-120.098,1001.982,120.59,76.38
18.47,-968.787,203.165,-118.096,996.881,120.17,76.37
18.5,-975.793,211.172,-110.089,1004.433,116.67,75.78
18.53,-977.794,232.189,-96.078,1009.567,109.9,75.83
18.56,-978.795,231.188,-73.059,1008.378,107.54,76.09
18.59,-990.805,219.178,-95.077,1019.202,113.45,76.44
18.61,-992.807,199.162,-122.099,1019.921,121.51,76.76
18.64,-993.807,181.147,-99.081,1015.029,115.35,76.7
18.67,-984.8,235.191,-76.062,1015.348,107.92,75.91
18.7,-990.805,255.207,-66.054,1025.275,104.51,75.1
18.72,-1007.819,227.185,-68.055,1035.347,106.68,76.76
18.75,-994.808,193.157,-99.081,1018.219,117.16,77.69
18.78,-998.812,183.149,-105.085,1020.887,119.85,78.06
18.81,-1005.817,183.149,-85.069,1025.889,114.91,78.65
18.84,-1009.82,184.15,-75.061,1029.214,106.36,78.36
18.87,-1014.825,211.172,-58.047,1038.187,105.37,77.82
18.89,-1009.82,212.172,-59.048,1033.557,105.55,77.7
18.92,-1000.813,208.169,-68.055,1024.496,108.1,77.66
18.95,-999.812,199.162,-83.067,1022.835,112.64,77.82
18.98,-983.799,180.146,-110.089,1006.198,121.43,77.89
19.01,-983.799,172.14,-113.092,1005.128,123.3,78.18
19.03,-982.799,174.141,-108.088,1003.943,120.96,77.99
19.06,-980.797,187.152,-105.085,1004.008,114.44,78.16
19.09,-977.794,190.155,-85.069,999.739,114.1,77.97
19.12,-971.79,200.163,-75.061,995.025,110.56,77.59
19.14,-971.79,200.163,-80.065,995.415,111.8,77.49
19.17,-973.791,200.163,-73.059,996.831,109.87,77.53
19.2,-981.798,182.148,-83.067,1002,114.52,78.47
19.23,-981.798,173.141,-95.077,1001.471,118.77,78.62
19.26,-974.792,180.146,-118.096,998.308,123.25,77.54
19.29,-982.799,197.16,-111.09,1008.517,119.4,77.03
19.31,-981.798,223.181,-90.073,1010.866,111.98,76.23
19.34,-985.801,224.182,-101.082,1016.011,114.27,75.99
19.37,-989.804,216.176,-109.089,1018.992,117.99,76.69
19.4,-999.812,208.169,-103.084,1026.443,116.34,76.92
19.42,-1007.819,215.175,-91.074,1034.55,112.94,76.95
19.45,-1018.828,218.177,-75.061,1044.627,108.99,77.24
19.48,-1018.828,210.171,-72.059,1042.772,108.92,77.7
19.51,-1006.818,213.173,-98.08,1033.801,114.71,76.88
19.54,-1000.813,215.175,-107.087,1029.269,116.46,76.5
19.56,-1003.816,217.176,-96.078,1031.524,114.57,76.92
19.59,-994.808,208.169,-83.067,1019.744,112.46,77.32
19.62,-994.808,206.168,-101.082,1020.963,116.12,77
19.65,-988.803,207.168,-86.07,1013.932,112.56,77.22
19.68,-988.803,218.177,-77.063,1015.516,109.45,76.83
19.7,-989.804,211.172,-76.062,1014.934,110.16,77.42
19.73,-989.804,185.15,-97.079,1011.641,117.67,78.07
19.76,-988.803,181.147,-113.092,1011.601,121.98,77.81
19.79,-980.797,200.163,-85.069,1004.621,113.03,77.5
19.82,-980.797,213.173,-47.038,1004.797,102.44,77.45
19.84,-992.807,228.185,-70.057,1021.098,107.07,76.48
19.87,-973.791,206.168,-78.063,998.433,110.74,77.24
19.9,-977.794,193.157,-104.085,1002.11,129.81,77.04
19.93,-980.797,164.133,-122.099,1001.903,126.65,78.22
19.96,-990.805,162.132,-98.08,1008.762,121.17,79.17
19.98,-1000.813,184.15,-63.051,1019.565,108.9,78.99
20.01,-995.809,196.159,-52.042,1016.279,104.86,78.48
20.04,-1006.818,172.14,-87.071,1025.132,116.83,79.15
20.07,-997.811,175.142,-93.076,1017.332,117.99,78.76
20.1,-1002.815,181.147,-89.072,1022.93,114.98,78.12
20.12,-1006.818,195.159,-98.08,1030.237,110.52,78.31
20.15,-1012.823,207.168,-62.05,1035.654,106.67,77.95
20.18,-1013.824,195.159,-121.098,1039.514,121.82,77.24
20.21,-996.81,194.158,-133.108,1024.229,124.43,76.71
20.24,-1001.814,206.168,-119.097,1029.719,119.31,76.59
20.26,-1007.819,213.173,-116.094,1036.639,118.57,76.46
20.29,-1001.814,195.159,-119.097,1027.571,121.39,77.14
20.32,-999.812,190.155,-111.09,1023.78,120.29,77.58
20.35,-987.803,196.159,-109.089,1012.982,119.08,77.2
20.38,-982.799,220.179,-102.083,1012.32,114.87,76.13
20.4,-980.797,224.182,-107.087,1011.775,115.53,75.79
20.43,-977.794,236.192,-105.085,1011.391,112.21,75.13
20.46,-973.791,234.19,-120.098,1008.731,117.15,74.88
20.49,-971.79,221.18,-129.105,1004.969,120.27,75.24
20.52,-969.788,208.169,-111.09,998.08,118.09,76.33
20.54,-967.786,210.171,-102.083,995.592,115.91,76.43
20.57,-978.795,204.166,-97.079,1004.564,115.43,76.99
20.6,-981.798,207.168,-96.078,1008.006,114.88,76.91
20.63,-975.793,208.169,-116.094,1004.482,117.59,75.51
20.66,-958.779,224.182,-168.137,998.892,124.16,74.22
20.68,-964.784,232.189,-143.116,1002.598,121.65,74.21
20.71,-982.799,253.206,-104.085,1020.216,112.35,74.43
20.74,-979.796,255.207,-87.071,1016.225,108.84,74.61
20.77,-994.808,248.202,-74.06,1027.975,107.84,76.5
20.8,-1003.816,206.168,-93.076,1028.987,114.3,77.3
20.82,-1004.816,178.145,-108.088,1026.194,121.25,78.28
20.85,-1018.828,179.146,-95.077,1038.818,117.96,78.74
20.88,-1027.835,186.151,-90.073,1048.432,115.82,78.62
20.91,-1020.829,204.166,-101.082,1045.942,116.34,77.42
20.94,-1011.822,205.167,-96.078,1036.874,115.09,77.38
20.96,-1004.816,193.157,-84.068,1026.661,108.08,78.63
20.99,-1010.821,185.15,-55.045,1029.111,106.56,79.18
21.02,-1003.816,174.141,-54.044,1020.241,107.24,79.7
21.05,-1005.817,174.141,-61.05,1022.605,109.32,79.6
21.08,-1008.82,168.137,-59.048,1024.438,109.35,79.98
21.1,-993.807,174.141,-74.06,1011.664,113.04,79.22
21.13,-988.803,169.137,-92.075,1007.381,118.56,78.98
21.16,-989.804,175.142,-109.089,1011.082,122.98,78.53
21.19,-985.801,166.135,-148.12,1010.616,130.74,77.46
21.22,-984.8,163.133,-128.104,1006.407,128.14,78.11
21.24,-980.797,193.157,-96.078,1004.243,116.45,77.59
21.27,-976.794,202.164,-84.068,1001.031,112.58,77.37
21.3,-979.796,201.163,-73.059,1002.898,109.96,77.78
21.33,-992.807,187.152,-81.066,1013.54,113.42,78.39
21.36,-989.804,178.145,-99.081,1010.576,119.08,78.36
21.38,-985.801,197.16,-118.096,1012.236,120.92,76.88
21.41,-995.809,219.178,-105.085,1025.045,115.62,76.28
21.44,-1005.817,239.194,-74.06,1036.517,107.2,76.02
21.47,-1013.824,232.189,-89.072,1043.879,110.99,76.22
21.5,-1001.814,208.169,-107.087,1028.802,117.99,77.77
21.52,-994.808,191.155,-122.099,1020.339,122.57,77.16
21.55,-1002.815,207.168,-120.098,1031.009,120.1,76.57
21.58,-994.808,235.191,-100.081,1027.12,113.05,75.59
21.61,-1003.816,246.2,-88.072,1037.312,109.68,75.4
21.64,-998.812,249.202,-97.079,1033.997,111.28,75.01
21.66,-999.812,247.201,-115.094,1036.33,114.97,74.74
21.69,-988.803,240.195,-126.102,1025.343,118.1,74.88
21.72,-982.799,225.183,-113.092,1014.589,117.67,75.49
21.75,-979.796,211.172,-114.093,1008.767,118.38,76.24
21.78,-988.803,204.166,-78.063,1012.675,110.92,77.53
21.8,-985.801,207.168,-64.052,1009.369,107.18,77.59
21.83,-952.774,193.157,-134.109,981.363,124.77,76.14
21.86,-941.765,204.166,-93.076,968.126,114.51,76.6
21.89,-961.781,228.185,-75.061,991.325,108.21,75.98
21.92,-976.794,212.172,-108.088,1005.398,116.13,76.4
21.94,-963.783,187.152,-97.079,986.574,117.42,77.66
21.97,-984.8,186.151,-94.076,1006.645,116.81,78.04
22,-980.797,194.158,-81.066,1003.111,112.66,77.89
22.03,-973.791,205.167,-73.059,997.848,108.59,76.77
22.05,-981.798,216.176,-83.067,1008.741,111.02,76.73
22.08,-984.8,207.168,-77.063,1009.301,110.4,77.35
22.11,-1001.814,179.146,-66.054,1019.847,110.24,79.21
22.14,-1003.816,172.14,-71.058,1020.944,112.43,79.49
22.17,-1004.816,155.126,-82.067,1020.027,117.88,80.09
22.2,-1010.821,157.128,-74.06,1025.638,115.24,80.25
22.22,-1014.825,173.141,-66.054,1031.605,109.73,79.02
22.25,-1014.825,203.165,-14.011,1035.056,97.02,78.6
22.28,-1020.829,223.181,-34.028,1045.495,98.67,77.53
22.31,-1023.832,144.117,-153.124,1045.203,136.74,78.39
22.33,-999.812,171.139,-144.117,1024.54,130.1,77.39
22.36,-1012.823,178.145,-110.089,1034.246,118.45,77.12
22.39,-1002.815,211.172,-88.072,1028.585,112.64,77.15
22.42,-1001.814,214.174,-80.065,1027.576,110.5,77.14
22.45,-1005.817,190.155,-97.079,1028.227,117.05,78.02
22.47,-1001.814,171.139,-133.108,1025.006,127.87,77.79
22.5,-987.803,167.136,-160.13,1014.559,133.77,76.81
22.53,-986.802,184.15,-139.113,1013.43,127.07,76.84
22.56,-983.799,201.163,-104.085,1009.535,113.1,76.31
22.59,-983.799,233.189,-71.058,1013.552,106.95,76.08
22.62,-988.803,243.198,-91.074,1022.336,110.53,75.28
22.64,-961.781,220.179,-113.092,993.122,117.19,75.57
22.67,-967.786,217.176,-122.099,999.342,119.35,75.56
22.7,-971.79,205.167,-120.098,1000.446,120.34,76.25
22.73,-972.79,201.163,-126.102,1001.344,122.08,76.28
22.75,-978.795,199.162,-131.107,1007.42,125.6,77.08
22.78,-979.796,183.149,-131.107,1005.352,124.12,77.28
22.81,-988.803,193.157,-95.077,1011.969,116.21,77.72
22.84,-1003.816,216.176,-49.04,1027.999,102.78,77.55
22.87,-1004.816,232.189,-48.039,1032.412,101.69,76.72
22.89,-1007.819,211.172,-109.089,1035.467,117.32,76.6
22.92,-993.807,198.161,-103.084,1018.601,117.48,77.33
22.95,-998.812,190.155,-108.088,1022.48,119.61,77.65
22.98,-995.809,192.156,-107.087,1019.817,115.6,77.92
23.01,-1000.813,192.156,-79.064,1022.156,112.37,78.27
23.03,-1000.813,206.168,-57.046,1023.419,105.47,77.94
23.06,-1001.814,210.171,-77.063,1026.519,110.14,77.4
23.09,-993.807,215.175,-78.063,1019.827,111.3,76.56
23.12,-987.803,222.181,-81.066,1015.721,110.05,76.54
23.15,-988.803,212.172,-78.063,1014.319,110.2,77.12
23.17,-992.807,176.143,-70.057,1010.742,111.69,79.19
23.2,-994.808,170.138,-70.057,1011.681,112.38,79.52
23.23,-981.798,175.142,-69.056,999.685,111.52,79.15
23.26,-978.795,201.163,-64.052,1001.304,107.66,77.83
23.29,-973.791,213.173,-63.051,998.843,105.38,76.35
23.31,-977.794,196.159,-65.053,999.396,120.83,76.85
23.34,-967.786,195.159,-126.102,995.288,122.87,76.5
23.37,-975.793,194.158,-107.087,1000.668,118.88,77.2
23.4,-981.798,205.167,-97.079,1007.693,115.32,76.98
23.43,-976.794,191.155,-140.114,1005.136,128.03,76.88
23.45,-971.79,197.16,-124.101,999.324,122.19,76.52
23.48,-974.792,217.176,-113.092,1005.075,117.51,75.9
23.51,-993.807,222.181,-118.096,1025.165,117.99,75.79
23.54,-1009.82,213.173,-127.103,1039.873,120.81,76.19
23.57,-989.804,216.176,-118.096,1019.996,118.65,76.02
23.59,-995.809,227.185,-114.093,1027.748,116.67,75.68
23.62,-1003.816,234.19,-105.085,1036.115,106.07,75.88
23.65,-1001.814,239.194,-107.087,1035.525,114.12,75.34
23.68,-999.812,233.189,-124.101,1034.119,118.02,75.2
23.71,-1009.82,216.176,-135.11,1041.501,122.01,75.83
23.73,-1008.82,204.166,-122.099,1036.489,120.88,76.73
23.76,-1004.816,201.163,-121.098,1031.885,121.05,76.85
23.79,-1002.815,187.152,-127.103,1028.017,124.18,77.29
23.82,-999.812,171.139,-128.104,1022.411,122.95,79
23.85,-996.81,168.137,-92.075,1015.075,118.71,79.11
23.87,-1000.813,179.146,-71.058,1019.2,111.64,79.1
23.9,-998.812,210.171,-56.046,1022.222,104.93,77.71
23.93,-992.807,225.183,-52.042,1019.353,103.01,76.9
23.96,-982.799,194.158,-106.086,1007.395,118.65,77.31
23.99,-975.793,173.141,-121.098,998.406,124.97,77.78
24.01,-977.794,160.13,-125.102,998.686,129.25,78.57
24.04,-990.805,161.131,-102.083,1008.999,119.74,79.39
24.07,-987.803,163.133,-83.067,1004.622,116.99,79.5
24.1,-995.809,175.142,-58.047,1012.759,108.34,79.5
24.13,-996.81,158.128,-77.063,1012.212,115.98,79.99
24.15,-987.803,177.144,-62.05,1005.477,100.28,78.05
24.18,-1004.816,205.167,-44.036,1026.493,102.11,78.2
24.21,-1001.814,195.159,-45.037,1021.639,102.99,78.69
24.24,-1005.817,184.15,-76.062,1025.361,112.44,78.8
24.27,-1008.82,175.142,-89.072,1027.777,116.96,78.98
24.29,-1001.814,172.14,-94.076,1020.84,118.66,78.92
24.32,-1004.816,174.141,-91.074,1023.853,117.61,78.93
24.35,-1014.825,180.146,-90.073,1034.618,113.65,78.64
24.38,-1002.815,194.158,-78.063,1024.416,111.9,78.21
24.41,-1001.814,207.168,-69.056,1025.338,108.43,77.7
24.43,-1021.83,202.164,-72.059,1044.126,109.62,78.14
24.46,-1007.819,187.152,-85.069,1028.572,114.44,78.47
24.49,-1000.813,190.155,-98.08,1023.428,117.28,77.93
24.52,-998.812,203.165,-89.072,1023.149,113.67,77.48
24.55,-991.806,215.175,-76.062,1017.725,108.43,76.37
24.57,-989.804,241.196,-77.063,1021.678,106.63,75.73
24.6,-996.81,216.176,-114.093,1026.343,117.82,76.22
24.63,-970.789,177.144,-167.136,1000.872,133.33,75.92
24.66,-959.78,183.149,-153.124,989.024,129.9,76.03
24.69,-967.786,205.167,-121.098,996.679,119.14,75.48
24.71,-951.773,219.178,-82.067,980.126,110.53,76.19
24.74,-972.79,212.172,-71.058,998.192,108.52,77.05
24.77,-979.796,183.149,-129.105,1005.093,125.18,77.12
24.8,-964.784,193.157,-127.103,992.105,123.35,76.52
24.82,-971.79,228.185,-117.095,1005.065,117.16,75.22
24.85,-971.79,235.191,-101.082,1004.942,113.26,75.24
24.88,-975.793,230.187,-92.075,1006.795,107.6,76.45
24.91,-992.807,213.173,-87.071,1019.161,112.22,76.94
24.94,-993.807,187.152,-106.086,1016.825,119.55,77.79
24.97,-991.806,199.162,-96.078,1016.157,115.75,77.43
24.99,-1006.818,173.141,-138.112,1030.89,128.58,77.59
25.02,-1001.814,198.161,-123.1,1028.617,121.85,76.89
25.05,-1005.817,217.176,-108.088,1034.658,116.46,76.44
25.08,-1006.818,237.193,-96.078,1038.833,113.01,76.28
25.11,-1006.818,211.172,-107.087,1034.284,115.58,76.91
25.13,-1006.818,204.166,-84.068,1030.744,112.38,77.63
25.16,-1008.82,190.155,-78.063,1029.548,112.32,78.48
25.19,-1005.817,188.153,-78.063,1026.238,112.53,78.55
25.22,-1000.813,186.151,-101.082,1022.984,118.63,78.07
25.25,-989.804,185.15,-108.088,1012.757,120.28,77.78
25.27,-979.796,189.154,-107.087,1003.617,119.52,77.49
25.3,-981.798,202.164,-91.074,1006.524,114.25,77.27
25.33,-983.799,201.163,-84.068,1007.668,112.68,77.5
25.36,-992.807,193.157,-90.073,1015.425,115,77.88
25.38,-988.803,183.149,-98.08,1010.394,118.17,78.13
25.41,-985.801,175.142,-111.09,1007.382,126.27,77.9
25.44,-976.794,180.146,-100.081,998.296,119.05,78.09
25.47,-976.794,198.161,-77.063,999.666,111.25,77.72
25.5,-984.8,217.176,-60.049,1010.249,105.46,77.11
25.53,-983.799,215.175,-66.054,1009.22,107.07,77.11
25.55,-989.804,206.168,-91.074,1015.141,113.83,77.17
25.58,-994.808,200.163,-93.076,1019.005,114.94,77.49
25.61,-1002.815,197.16,-90.073,1025.974,114.89,77.95
25.64,-1005.817,190.155,-67.054,1025.828,114.1,78.3
25.67,-1000.813,185.15,-121.098,1024.974,123.19,77.53
25.69,-999.812,176.143,-107.087,1020.842,121.3,78.35
25.72,-1004.816,181.147,-83.067,1024.388,114.63,78.78
25.75,-1009.82,192.156,-56.046,1029.467,105.14,77.99
25.78,-1015.825,215.175,-60.049,1040.1,105.59,77.6
25.8,-1011.822,214.174,-90.073,1038.156,112.81,77.07
25.83,-997.811,191.155,-137.111,1025.166,125.65,76.73
25.86,-998.812,189.154,-127.103,1024.48,123.9,77.15
25.89,-1004.816,205.167,-94.076,1029.854,114.63,77.34
25.92,-1003.816,206.168,-77.063,1027.662,110.5,77.63
25.95,-1003.816,202.164,-74.06,1026.646,120.24,77.83
25.97,-990.805,178.145,-128.104,1014.811,125.72,77.51
26,-982.799,175.142,-145.118,1008.775,129.64,76.97
26.03,-979.796,187.152,-130.106,1005.959,124.81,76.9
26.06,-972.79,196.159,-107.087,998.132,118.63,77.06
26.08,-980.797,212.172,-75.061,1006.287,109.48,77.08
26.11,-971.79,200.163,-84.068,995.745,112.78,77.41
26.14,-967.786,199.162,-91.074,992.255,115.47,77.66
26.17,-967.786,198.161,-85.069,991.522,118.39,76.9
26.2,-967.786,200.163,-114.093,994.833,119.68,76.61
26.22,-980.797,193.157,-118.096,1006.588,121.44,77
26.25,-991.806,190.155,-110.089,1015.853,120.07,77.51
26.28,-991.806,189.154,-64.052,1011.712,108.52,78.53
26.31,-990.805,208.169,-75.061,1015.216,109.83,77.41
26.34,-987.803,216.176,-77.063,1014.113,109.62,76.92
26.36,-1000.813,213.173,-75.061,1026.014,109.4,77.27
26.39,-999.812,206.168,-85.069,1024.386,112.42,77.42
26.42,-1006.818,194.158,-101.082,1030.338,117.5,77.73
26.45,-1008.82,200.163,-90.073,1032.422,114.23,77.73
26.48,-1003.816,218.177,-75.061,1029.991,107.33,76.19
26.5,-1001.814,243.198,-51.041,1032.173,101.85,76.07
26.53,-1013.824,241.196,-50.041,1043.321,101.72,76.34
26.56,-1000.813,189.154,-105.085,1023.938,119.05,77.8
26.59,-993.807,174.141,-135.11,1017.955,127.81,77.5
26.62,-990.805,176.143,-145.118,1016.75,129.48,77.03
26.64,-987.803,181.147,-127.103,1012.286,125.06,77.37
26.67,-983.799,206.168,-105.085,1010.648,114.92,75.91
26.7,-990.805,238.194,-86.07,1022.663,104.6,76.05
26.73,-995.809,236.192,-39.032,1024.181,99.38,76.48
26.76,-995.809,214.174,-43.035,1019.489,101.36,77.63
26.78,-990.805,201.163,-81.066,1014.265,111.95,77.65
26.81,-976.794,184.15,-137.111,1003.412,126.52,76.68
26.84,-982.799,196.159,-137.111,1011.519,124.95,76.31
26.87,-983.799,208.169,-129.105,1013.836,121.81,76.02
26.9,-965.785,229.186,-99.081,997.539,113.38,75.5
26.92,-983.799,209.17,-119.097,1012.816,119.66,76.25
26.95,-987.803,176.143,-102.083,1008.564,120.09,78.35
26.98,-1005.817,180.146,-83.067,1025.193,114.75,78.84
27.01,-996.81,185.15,-73.059,1016.488,104.99,78.21
27.04,-991.806,219.178,-60.049,1017.509,105.32,77.09
27.06,-993.807,229.186,-58.047,1021.543,104.21,76.62
27.09,-989.804,222.181,-70.057,1016.85,107.5,76.76
27.12,-994.808,208.169,-86.07,1019.993,112.46,77.24
27.15,-1000.813,153.124,-138.112,1021.836,132.05,78.36
27.18,-999.812,156.127,-135.11,1020.909,130.87,78.33
27.2,-1005.817,168.137,-116.094,1026.361,124.47,78.65
27.23,-1007.819,196.159,-70.057,1029.119,109.39,78.34
27.26,-1007.819,214.174,-76.062,1033.129,109.55,77.29
27.29,-1005.817,181.147,-76.062,1024.826,112.78,78.95
27.32,-1001.814,193.157,-60.049,1022.031,107.27,78.58
27.34,-1004.816,202.164,-36.029,1025.585,100.11,78.48
27.37,-1001.814,200.163,-47.038,1022.697,103.22,78.4
27.4,-992.807,193.157,-70.057,1013.846,109.94,78.31
27.43,-980.797,176.143,-92.075,1000.733,117.6,78.54
27.46,-984.8,179.146,-105.085,1006.463,120.4,78.09
27.48,-970.789,177.144,-107.087,992.612,121.15,77.96
27.51,-975.793,181.147,-110.089,998.552,121.29,77.74
27.54,-977.794,184.15,-105.085,1000.518,115.19,78.23
27.57,-972.79,190.155,-76.062,994.115,111.8,78.11
27.6,-977.794,182.148,-68.055,996.941,110.49,78.75
27.62,-985.801,200.163,-53.043,1007.314,104.84,78.14
27.65,-980.797,194.158,-76.062,1002.719,111.39,78
27.68,-981.798,181.147,-107.087,1004.096,120.59,77.9
27.71,-989.804,184.15,-97.079,1011.458,117.8,78.12
27.74,-997.811,196.159,-83.067,1020.296,110.33,76.53
27.76,-998.812,237.193,-73.059,1029.185,106.68,76.08
27.79,-996.81,207.168,-146.119,1028.542,125.2,75.73
27.82,-990.805,188.153,-139.113,1018.061,126.48,76.71
27.85,-1009.82,191.155,-111.09,1033.74,120.16,77.65
27.88,-1016.826,188.153,-76.062,1036.881,111.7,78.5
27.9,-1015.825,180.146,-99.081,1036.422,118.81,78.56
27.93,-1019.829,184.15,-95.077,1040.673,117.31,78.51
27.96,-1015.825,205.167,-83.067,1039.661,112.04,77.71
27.99,-1012.823,209.17,-79.064,1037.214,110.71,77.55
28.02,-996.81,216.176,-98.08,1024.686,114.4,76.6
28.04,-991.806,220.179,-109.089,1021.791,116.36,76.09
28.07,-986.802,217.176,-120.098,1017.53,125.43,76.06
28.1,-989.804,186.151,-139.113,1016.719,126.77,76.79
28.13,-989.804,185.15,-128.104,1015.088,124.68,77.19
28.15,-988.803,193.157,-102.083,1012.651,117.86,77.54
28.18,-983.799,197.16,-99.081,1008.241,116.68,77.36
28.21,-979.796,215.175,-86.07,1006.831,111.8,76.69
28.24,-975.793,220.179,-93.076,1004.646,112.92,76.24
28.27,-968.787,215.175,-95.077,996.939,114.44,76.66
28.3,-971.79,207.168,-80.065,996.847,111.85,77.06
28.32,-979.796,205.167,-71.058,1003.565,109.1,77.51
28.35,-983.799,193.157,-61.05,1004.439,107.54,78.36
28.38,-996.81,192.156,-59.048,1016.878,107.08,78.6
28.41,-1003.816,195.159,-61.05,1024.432,103.69,78.8
28.43,-1000.813,200.163,-89.072,1024.512,113.99,77.65
28.46,-996.81,200.163,-108.088,1022.437,118.37,77.14
28.49,-987.803,210.171,-107.087,1015.575,117,76.57
28.52,-995.809,217.176,-83.067,1022.596,110.93,76.86
28.55,-1000.813,208.169,-87.071,1025.935,112.7,77.29
28.57,-999.812,191.155,-98.08,1022.636,117.16,77.87
28.6,-1001.814,181.147,-93.076,1022.306,123.9,77.55
28.63,-1014.825,193.157,-94.076,1037.318,115.97,78.05
28.66,-1005.817,204.166,-80.065,1029.448,111.41,77.7
28.69,-1009.82,186.151,-96.078,1031.32,117.3,78.28
28.72,-1012.823,180.146,-89.072,1032.568,116.31,78.78
28.74,-1009.82,186.151,-79.064,1029.874,113.01,78.67
28.77,-1007.819,184.15,-88.072,1028.283,115.56,78.55
28.8,-994.808,175.142,-93.076,1014.387,117.72,78.63
28.83,-991.806,176.143,-121.098,1014.579,119.36,78.48
28.85,-985.801,171.139,-86.07,1004.241,116.7,79
28.88,-982.799,183.149,-81.066,1003,113.88,78.48
28.91,-979.796,185.15,-89.072,1001.107,115.69,78.16
28.94,-972.79,182.148,-97.079,994.446,118.52,78.58
28.97,-971.79,183.149,-113.092,995.343,121.69,77.51
29,-969.788,188.153,-119.097,995.025,122.33,77.07
29.02,-965.785,201.163,-97.079,991.278,115.76,76.98
29.05,-967.786,211.172,-100.081,995.6,115.36,76.42
29.08,-977.794,216.176,-102.083,1006.596,115.28,76.26
29.11,-977.794,204.166,-103.084,1004.187,116.79,76.83
29.13,-984.8,192.156,-97.079,1008.057,117.8,78.13
29.16,-992.807,186.151,-118.096,1016.988,120.6,77.71
29.19,-992.807,196.159,-102.083,1017.135,117.49,77.44
29.22,-989.804,220.179,-90.073,1017.99,112.25,76.49
29.25,-996.81,243.198,-83.067,1029.405,108.86,75.54
29.27,-997.811,255.207,-74.06,1032.59,106.18,75.16
29.3,-1013.824,232.189,-93.076,1044.229,111.84,76.14
29.33,-999.812,223.181,-115.094,1030.864,117.28,75.9
29.36,-997.811,197.16,-174.141,1031.903,133.2,74.83
29.39,-995.809,205.167,-159.129,1029.102,127.8,75.39
29.42,-988.803,228.185,-85.069,1018.35,110.45,76.16
29.44,-994.808,238.194,-50.041,1024.15,101.86,76.25
29.47,-1003.816,231.188,-53.043,1031.459,104.47,77.24
29.5,-984.8,210.171,-82.067,1010.316,111.33,77.1
29.53,-985.801,205.167,-98.08,1011.69,115.55,77.01
29.55,-984.8,218.177,-107.087,1014.347,116.14,76.14
29.58,-983.799,227.185,-101.082,1014.737,113.99,75.82
29.61,-971.79,208.169,-104.085,999.271,116.57,76.53
29.64,-973.791,202.164,-114.093,1001.078,119.44,76.59
29.67,-973.791,201.163,-119.097,1001.459,120.26,76.32
29.69,-975.793,209.17,-99.081,1002.866,113.53,76.84
29.72,-981.798,208.169,-80.065,1006.813,111.04,77.2
29.75,-987.803,202.164,-73.059,1010.921,109.87,77.72
29.78,-984.8,192.156,-95.077,1007.867,116.33,77.72
29.81,-982.799,203.165,-105.085,1009.065,117.35,76.96
29.83,-989.804,214.174,-106.086,1018.252,116.35,76.42
29.86,-992.807,216.176,-114.093,1022.455,117.82,76.17
29.89,-997.811,205.167,-109.089,1024.51,112.52,77.45
29.92,-1001.814,204.166,-71.058,1024.873,109.19,77.82
29.95,-1005.817,217.176,-67.054,1031.179,107.16,77.27
29.97,-1005.817,213.173,-72.059,1030.681,108.68,77.39
30,-1007.819,203.165,-106.086,1033.552,116.91,77.55
30.03,-1006.818,194.158,-100.081,1030.241,117.27,77.76
30.06,-1008.82,197.16,-105.085,1033.263,118.06,77.51
30.09,-1002.815,203.165,-97.079,1027.783,115.54,77.34
30.11,-1000.813,216.176,-78.063,1026.865,109.86,77.07
30.14,-995.809,234.19,-70.057,1025.373,106.65,76.21
30.17,-991.806,240.195,-82.067,1023.771,108.86,75.64
30.2,-994.808,230.187,-88.072,1024.883,111.8,76.61
30.23,-989.804,206.168,-89.072,1014.964,113.37,77.22
30.25,-986.802,201.163,-81.066,1010.354,111.95,77.6
30.28,-979.796,200.163,-84.068,1003.56,112.78,77.51
30.31,-979.796,208.169,-91.074,1005.798,113.63,76.94
30.34,-961.781,224.182,-77.063,990.565,108.97,76.15
30.37,-970.789,226.184,-82.067,1000.162,109.94,76.08
30.39,-972.79,214.174,-90.073,1000.152,114.44,77.39
30.42,-968.787,207.168,-80.065,993.92,111.85,77.03
30.45,-966.785,217.176,-93.076,995.24,113.2,76.27
30.48,-966.785,248.202,-75.061,1000.956,106.83,74.99
30.5,-976.794,255.207,-76.062,1012.444,106.6,74.75
30.53,-977.794,242.197,-71.058,1009.847,105.28,76.31
30.56,-988.803,212.172,-64.052,1013.337,106.8,77.37
30.59,-1001.814,192.156,-80.065,1023.213,112.62,78.26
30.62,-1001.814,186.151,-117.095,1025.668,122.17,77.62
30.65,-996.81,207.168,-130.106,1026.39,122.13,76.21
30.67,-990.805,241.196,-121.098,1026.906,116.66,74.76
30.7,-997.811,254.207,-106.086,1035.134,112.65,74.57
30.73,-997.811,258.21,-90.073,1034.607,109.37,74.96
30.76,-1018.828,234.19,-82.067,1048.614,113.96,75.88
30.78,-1006.818,211.172,-113.092,1034.923,118.17,76.62
30.81,-1006.818,198.161,-115.094,1032.568,120.15,77.18
30.84,-1005.817,206.168,-106.086,1032.195,117.23,77.02
30.87,-995.809,214.174,-95.077,1023.008,113.94,76.76
30.9,-997.811,222.181,-94.076,1026.567,112.95,76.41
30.92,-992.807,219.178,-94.076,1021.056,114.85,77.29
30.95,-983.799,203.165,-81.066,1007.824,112.96,77.36
30.98,-986.802,201.163,-92.075,1011.297,114.59,77.36
31.01,-990.805,176.143,-117.095,1013.13,123.61,77.95
31.04,-983.799,184.15,-102.083,1006.078,119,77.92
31.07,-984.8,197.16,-92.075,1008.554,116.68,77.09
31.09,-983.799,177.144,-115.094,1006.224,123.01,77.88
31.12,-975.793,158.128,-138.112,998.124,131.13,77.86
31.15,-977.794,173.141,-110.089,999.089,122.45,78.15
31.18,-990.805,188.153,-92.075,1012.706,116.08,78.06
31.2,-989.804,212.172,-62.05,1014.189,106.3,77.41
31.23,-1000.813,201.163,-81.066,1024.044,111.95,77.77
31.26,-989.804,178.145,-110.089,1011.715,122.3,78.24
31.29,-996.81,178.145,-102.083,1017.736,121.72,78.14
31.32,-1001.814,189.154,-93.076,1023.755,116.2,78.12
31.34,-1008.82,178.145,-91.074,1028.468,117.08,78.78
31.37,-1014.825,171.139,-93.076,1033.354,118.54,79.13
31.4,-1009.82,162.132,-101.082,1027.736,121.94,79.27
31.43,-1013.824,168.137,-95.077,1032.06,119.49,79.21
31.46,-1010.821,178.145,-90.073,1030.344,116.82,78.83
31.48,-1009.82,196.159,-103.084,1033.848,119.08,77.47
31.51,-1004.816,200.163,-104.085,1029.832,117.47,77.35
31.54,-1000.813,204.166,-98.08,1026.124,115.66,77.25
31.57,-1000.813,189.154,-120.098,1025.587,122.41,77.38
31.6,-1004.816,171.139,-128.104,1027.305,131.31,77.68
31.62,-996.81,162.132,-133.108,1018.643,129.39,78.12
31.65,-998.812,166.135,-119.097,1019.514,125.64,78.43
31.68,-990.805,193.157,-76.062,1012.319,111.49,78.17
31.71,-989.804,196.159,-84.068,1012.55,113.2,77.83
31.74,-974.792,195.159,-118.096,1001.126,121.18,76.83
31.76,-968.787,195.159,-128.104,996.517,123.28,76.45
31.79,-966.785,207.168,-130.106,997.256,121.4,75.41
31.82,-963.783,216.176,-115.094,994.413,118.03,75.74
31.85,-965.785,215.175,-103.084,994.82,115.6,76.12
31.88,-971.79,202.164,-101.082,997.729,116.57,76.91
31.9,-974.792,198.161,-93.076,999.075,115.16,77.34
31.93,-984.8,199.162,-112.091,1010.97,119.37,77.01
31.96,-990.805,198.161,-103.084,1015.672,117.48,77.3
31.99,-990.805,202.164,-111.09,1017.303,118.79,76.89
32.02,-984.8,210.171,-135.11,1016.001,121.36,75.97
32.04,-983.799,217.176,-119.097,1014.5,118.74,75.87
32.07,-993.807,222.181,-104.085,1023.646,115.1,76.13
32.1,-993.807,221.18,-85.069,1021.67,111.04,76.59
32.13,-1001.814,228.185,-63.051,1029.405,104.04,76.9
32.16,-1014.825,217.176,-77.063,1040.66,109.54,77.21
32.19,-1016.826,202.164,-87.071,1040.378,113.3,77.79
32.21,-1003.816,205.167,-75.061,1027.314,110.1,77.72
32.24,-1011.822,193.157,-84.068,1033.519,113.52,78.24
32.27,-1002.815,186.151,-79.064,1023.006,113.01,78.6
32.3,-1003.816,179.146,-73.059,1022.29,112.19,79.09
32.32,-999.812,193.157,-58.047,1019.953,106.65,78.62
32.35,-999.812,193.157,-58.047,1019.953,110.72,78.33
32.38,-993.807,186.151,-81.066,1014.336,113.53,78.45
32.41,-991.806,190.155,-53.043,1011.262,105.59,78.74
32.44,-992.807,197.16,-37.03,1012.871,100.64,78.58
32.46,-992.807,195.159,-52.042,1013.144,104.93,78.5
32.49,-992.807,189.154,-66.054,1012.821,109.25,78.59
32.52,-986.802,186.151,-75.061,1007.008,111.96,78.5
32.55,-983.799,185.15,-99.081,1005.962,116.19,78.15
32.58,-983.799,183.149,-96.078,1005.304,117.68,78.13
32.61,-988.803,168.137,-90.073,1007.033,118.18,79.08
32.63,-990.805,168.137,-86.07,1008.649,117.11,79.21
32.66,-997.811,175.142,-78.063,1016.068,104.19,79.53
32.69,-997.811,185.15,-44.036,1015.798,103.38,79.2
32.72,-1002.815,193.157,-59.048,1022.953,107,78.61
32.74,-1010.821,196.159,-51.041,1030.943,104.59,78.66
32.77,-1012.823,204.166,-51.041,1034.456,104.04,78.26
32.8,-1008.82,216.176,-45.037,1032.704,101.77,77.65
32.83,-1015.825,200.163,-56.046,1036.874,105.64,78.44
32.86,-1011.822,186.151,-68.055,1031.052,111.12,79.43
32.88,-1008.82,174.141,-68.055,1025.999,114.96,79.22
32.91,-1004.816,191.155,-92.075,1026.973,115.72,78.08
32.94,-999.812,220.179,-93.076,1027.992,112.92,76.55
32.97,-1001.814,228.185,-96.078,1031.955,112.83,76.12
33,-993.807,214.174,-116.094,1023.231,118.46,76.23
33.02,-993.807,203.165,-101.082,1019.386,116.45,77.14
33.05,-995.809,205.167,-77.063,1019.641,109.21,76.76
33.08,-992.807,206.168,-71.058,1016.474,114.07,77.19
33.11,-982.799,190.155,-127.103,1009.062,123.76,76.9
33.14,-970.789,196.159,-139.113,1000.131,125.34,76.09
33.16,-965.785,214.174,-116.094,996.036,118.46,75.84
33.19,-965.785,222.181,-109.089,996.998,110.28,75.8
33.22,-973.791,227.185,-70.057,1002.392,107.14,76.28
33.25,-976.794,219.178,-83.067,1004.522,110.76,76.51
33.28,-974.792,195.159,-117.095,1001.008,120.96,76.86
33.3,-974.792,195.159,-128.104,1002.356,123.28,76.53
33.33,-971.79,218.177,-123.1,1003.559,119.43,75.54
33.36,-969.788,231.188,-116.094,1003.7,116.66,75.06
33.39,-972.79,242.197,-115.094,1009.072,114.62,74.28
33.42,-993.807,249.202,-125.102,1032.185,112.47,74.82
33.44,-990.805,224.182,-119.097,1022.808,117.98,75.63
33.47,-997.811,204.166,-103.084,1023.688,116.79,77.09
33.5,-1001.814,202.164,-95.077,1026.422,115.19,77.43
33.53,-1005.817,201.163,-65.053,1027.797,107.92,78.13
33.56,-1011.822,208.169,-75.061,1035.738,109.83,77.66
33.58,-1011.822,205.167,-90.073,1036.335,114.23,77.76
33.61,-1005.817,206.168,-68.055,1028.982,110.5,77.66
33.64,-1013.824,209.17,-76.062,1037.967,109.98,77.62
33.67,-1005.817,203.165,-89.072,1029.989,113.67,77.56
33.7,-1001.814,186.151,-91.074,1023.024,116.07,78.31
33.72,-1002.815,185.15,-87.071,1023.474,111.08,79.14
33.75,-992.807,184.15,-70.057,1012.168,110.83,78.78
33.78,-986.802,190.155,-65.053,1007.059,108.89,78.49
33.81,-993.807,187.152,-108.088,1017.036,120.01,77.73
33.84,-987.803,189.154,-106.086,1011.329,119.29,77.62
33.86,-992.807,172.14,-80.065,1010.796,114.94,79.17
33.89,-992.807,171.139,-57.046,1009.063,108.43,79.7
33.92,-995.809,174.141,-52.042,1012.26,101.31,79.64
33.95,-1000.813,179.146,-51.041,1018.001,105.9,79.46
33.98,-994.808,179.146,-72.059,1013.375,111.91,79.02
34,-984.8,184.15,-103.084,1007.159,119.24,77.9
34.03,-975.793,199.162,-106.086,1001.544,118.04,76.98
34.06,-971.79,202.164,-96.078,997.234,115.42,77.03
34.09,-971.79,205.167,-81.066,996.514,111.56,77.21
34.12,-982.799,193.157,-102.083,1006.789,117.86,77.47
34.14,-1002.815,202.164,-70.057,1025.386,110.87,77.83
34.17,-1015.825,188.153,-106.086,1038.536,119.42,78
34.2,-991.806,190.155,-101.082,1014.916,117.99,77.75
34.23,-992.807,208.169,-100.081,1019.321,115.68,76.9
34.26,-1003.816,226.184,-93.076,1033.183,111.63,75.54
34.28,-989.804,232.189,-86.07,1020.31,110.34,75.95
34.31,-1002.815,226.184,-89.072,1031.858,111.49,76.37
34.34,-997.811,193.157,-113.092,1022.607,120.35,77.36
34.37,-1001.814,182.148,-127.103,1026.14,124.91,77.5
34.4,-983.799,191.155,-106.086,1007.797,119.03,77.47
34.42,-992.807,215.175,-103.084,1021.074,115.6,76.49
34.45,-1001.814,228.185,-102.083,1032.531,111.89,75.71
34.48,-979.796,232.189,-88.072,1010.776,110.77,75.78
34.51,-984.8,228.185,-87.071,1014.634,110.89,76.07
34.54,-984.8,210.171,-109.089,1012.869,117.43,76.48
34.56,-971.79,200.163,-125.102,1000.045,122.01,76.35
34.59,-969.788,195.159,-111.09,995.448,119.65,76.96
34.62,-974.792,200.163,-100.081,1000.15,116.57,77.07
34.65,-972.79,200.163,-82.067,996.555,112.09,77.36
34.68,-975.793,208.169,-76.062,1000.645,111.75,77.06
34.7,-979.796,187.152,-110.089,1003.567,120.47,77.5
34.73,-967.786,191.155,-110.089,992.608,119.94,77.16
34.76,-974.792,199.162,-107.087,1000.676,118.27,76.94
34.79,-976.794,203.165,-87.071,1001.49,111.85,76.5
34.81,-989.804,218.177,-83.067,1016.963,110.84,76.73
34.84,-998.812,205.167,-87.071,1023.376,113,77.42
34.87,-995.809,182.148,-96.078,1016.88,117.81,78.32
34.9,-1005.817,176.143,-95.077,1025.541,118.36,78.74
34.93,-1011.822,189.154,-75.061,1032.084,111.64,78.63
34.96,-1010.821,206.168,-67.054,1033.809,108.02,77.89
34.98,-1008.82,216.176,-75.061,1034.448,106.39,77.18
35.01,-1018.828,227.185,-76.062,1046.618,108.51,76.77
35.04,-1021.83,231.188,-84.068,1051.024,109.98,76.46
35.07,-1015.825,182.148,-123.1,1039.342,124.05,77.79
35.1,-1001.814,173.141,-129.105,1024.83,126.71,77.83
35.12,-997.811,177.144,-112.091,1019.593,122.32,78.14
35.15,-999.812,192.156,-86.07,1021.742,114.13,78.11
35.18,-994.808,209.17,-73.059,1019.183,107.61,76.14
35.21,-995.809,236.192,-32.026,1023.937,102.43,76.35
35.23,-994.808,216.176,-107.087,1023.642,116.35,76.37
35.26,-977.794,182.148,-132.107,1003.351,125.95,77.04
35.29,-987.803,170.138,-146.119,1012.942,130.66,77.21
35.32,-987.803,178.145,-122.099,1011.137,123.98,77.37
35.35,-980.797,197.16,-103.084,1005.714,117.6,77.22
35.38,-985.801,214.174,-86.07,1012.463,111.89,76.82
35.4,-971.79,179.146,-135.11,997.358,127.02,77
35.43,-970.789,178.145,-145.118,997.61,129.17,76.68
35.46,-979.796,193.157,-127.103,1006.71,123.35,76.72
35.49,-987.803,205.167,-116.094,1015.542,119.5,76.58
35.52,-984.8,216.176,-98.08,1013.007,118.33,76.06
35.54,-997.811,213.173,-114.093,1026.687,118.16,76.38
35.57,-997.811,197.16,-113.092,1023.371,119.84,77.17
35.6,-1002.815,178.145,-115.094,1024.997,122.87,78.06
35.63,-1002.815,184.15,-105.085,1024.984,119.71,78.06
35.65,-1004.816,212.172,-83.067,1030.327,111.38,77.22
35.68,-1001.814,202.164,-85.069,1025.543,112.82,77.65
35.71,-1004.816,207.168,-73.059,1028.549,110.14,78.08
35.74,-1008.82,189.154,-106.086,1031.867,119.29,77.87
35.77,-999.812,198.161,-100.081,1024.162,116.8,77.48
35.79,-1005.817,214.174,-87.071,1032.047,112.12,77.05
35.82,-996.81,220.179,-87.071,1024.544,111.58,76.64
35.85,-989.804,215.175,-114.093,1019.328,117.72,76.16
35.88,-994.808,218.177,-106.086,1023.962,115.93,76.29
35.91,-993.807,203.165,-117.095,1021.098,119.96,76.72
35.94,-976.794,180.146,-122.099,1000.743,124.13,77.44
35.96,-984.8,186.151,-108.088,1008.051,120.14,77.67
35.99,-979.796,200.163,-62.05,1001.956,107.22,77.93
36.02,-979.796,209.17,-46.037,1002.932,102.41,77.67
36.05,-981.798,204.166,-53.043,1004.203,119.65,77.65
36.08,-973.791,184.15,-115.094,997.711,122.01,77.43
36.1,-965.785,192.156,-130.106,993.273,124.1,76.49
36.13,-970.789,208.169,-126.102,1000.833,121.21,75.93
36.16,-967.786,210.171,-125.102,998.215,120.76,75.82
36.19,-972.79,209.17,-108.088,1000.878,117.33,76.39
36.21,-986.802,210.171,-99.081,1013.788,115.24,76.75
36.24,-990.805,213.173,-81.066,1016.715,111,77.28
36.27,-999.812,204.166,-83.067,1023.821,113.1,77.48
36.3,-997.811,186.151,-122.099,1022.344,123.26,77.42
36.33,-1000.813,187.152,-100.081,1023.068,118.14,78.03
36.36,-1010.821,186.151,-90.073,1031.758,115.82,78.44
36.38,-1013.824,186.151,-122.099,1037.978,123.26,77.54
36.41,-1007.819,198.161,-104.085,1032.376,117.71,77.48
36.44,-1007.819,212.172,-97.079,1034.476,113.6,76.47
36.47,-1013.824,229.186,-100.081,1044.213,111.89,76.31
36.5,-1008.82,230.187,-96.078,1039.199,112.66,76.11
36.52,-1001.814,204.166,-108.088,1028.104,117.9,77.01
36.55,-1002.815,192.156,-112.091,1027.193,120.26,77.49
36.58,-1002.815,180.146,-114.093,1025.235,118.47,78.59
36.61,-993.807,174.141,-95.077,1013.419,118.63,78.71
36.63,-991.806,168.137,-86.07,1009.632,117.11,79.22
36.66,-983.799,198.161,-77.063,1006.513,111.25,77.8
36.69,-974.792,207.168,-73.059,999.238,109.43,77.3
36.72,-982.799,204.166,-89.072,1007.725,113.57,77.23
36.75,-980.797,203.165,-88.072,1005.483,113.44,77.28
36.77,-977.794,200.163,-85.069,1001.69,112.42,77.14
36.8,-974.792,215.175,-89.072,1002.224,111.57,76.65
36.83,-979.796,219.178,-83.067,1007.442,110.76,76.55
36.86,-982.799,205.167,-95.077,1008.477,114.86,77.04
36.89,-981.798,194.158,-92.075,1005.038,115.37,77.65
36.91,-989.804,189.154,-99.081,1012.575,117.65,77.98
36.94,-991.806,198.161,-88.072,1015.236,113.96,77.67
36.97,-992.807,202.164,-91.074,1017.266,112.66,76.61
37,-993.807,212.172,-77.063,1019.122,112.31,77.01
37.03,-991.806,211.172,-90.073,1018.03,113.1,76.97
37.05,-993.807,223.181,-92.075,1022.713,112.42,76.35
37.08,-988.803,215.175,-109.089,1017.808,116.88,76.29
37.11,-988.803,221.18,-112.091,1019.42,117.68,75.62
37.14,-995.809,231.188,-103.084,1027.477,114.03,75.74
37.17,-997.811,235.191,-85.069,1028.678,109.89,75.93
37.19,-1007.819,208.169,-106.086,1034.547,117,76.95
37.22,-1003.816,197.16,-115.094,1029.449,120.27,77.19
37.25,-1001.814,186.151,-102.083,1024.063,118.74,78.03
37.28,-1004.816,194.158,-91.074,1027.447,115.13,77.95
37.31,-991.806,201.163,-89.072,1015.913,112.39,76.55
37.33,-979.796,223.181,-103.084,1010.167,114.15,75.98
37.36,-976.794,226.184,-97.079,1007.328,113.23,75.86
37.39,-982.799,184.15,-122.099,1007.329,123.55,77.33
37.42,-977.794,182.148,-112.091,1000.912,121.61,77.66
37.45,-963.783,196.159,-116.094,990.371,120.62,76.69
37.47,-970.789,202.164,-107.087,997.381,117.91,76.74
37.5,-967.786,211.172,-102.083,995.804,115.8,76.38
37.53,-963.783,214.174,-70.057,989.776,112.81,76.45
37.56,-971.79,203.165,-101.082,997.932,116.45,76.86
37.59,-969.788,193.157,-110.089,994.946,119.68,77.09
37.61,-976.794,191.155,-111.09,1001.502,120.16,77.25
37.64,-975.793,194.158,-113.092,1001.328,122.29,76.4
37.67,-990.805,200.163,-121.098,1018.049,121.17,76.71
37.7,-992.807,186.151,-125.102,1017.825,123.9,77.27
37.73,-995.809,193.157,-98.08,1019.1,116.92,77.73
37.75,-1002.815,212.172,-84.068,1028.456,111.61,77.18
37.78,-1010.821,233.189,-73.059,1039.94,107.4,76.41
37.81,-1010.821,218.177,-92.075,1038.19,112.88,76.81
37.84,-998.812,217.176,-100.081,1027.038,114.35,76.47
37.87,-1022.831,210.171,-120.098,1051.084,120.56,76.58
37.89,-1002.815,193.157,-145.118,1031.507,126.92,76.45
37.92,-1011.822,204.166,-139.113,1041.547,124.27,76.28
37.95,-998.812,201.163,-125.102,1026.519,121.88,76.66
37.98,-995.809,212.172,-91.074,1022.227,113.23,76.95
38.01,-997.811,216.176,-104.085,1026.251,115.71,76.48
38.03,-991.806,214.174,-96.078,1019.206,114.99,77.08
38.06,-990.805,210.171,-75.061,1015.628,110.14,77.27
38.09,-985.801,215.175,-80.065,1012.183,110.41,76.89
38.12,-981.798,213.173,-108.088,1010.471,116.89,76.32
38.15,-977.794,218.177,-114.093,1008.316,117.61,75.87
38.17,-974.792,213.173,-118.096,1004.793,114.51,77.05
38.2,-975.793,206.168,-104.085,1002.751,116.79,76.68
38.23,-971.79,211.172,-100.081,999.492,115.36,76.48
38.26,-976.794,210.171,-81.066,1002.432,111.09,77.01
38.29,-975.793,209.17,-65.053,1000.078,107.28,77.35
38.31,-992.807,206.168,-80.065,1017.143,111.22,77.44
38.34,-989.804,199.162,-83.067,1013.054,112.64,77.7
38.37,-993.807,201.163,-82.067,1017.278,112.09,77.51
38.4,-989.804,205.167,-84.068,1014.334,112.28,77.37
38.43,-991.806,210.171,-75.061,1016.604,109.65,77.32
38.45,-994.808,203.165,-86.07,1018.984,112.96,77.49
38.48,-995.809,207.168,-84.068,1020.599,112.09,77.35
38.51,-1006.818,198.161,-91.074,1030.167,114.68,77.78
38.54,-1009.82,196.159,-80.065,1031.807,112.2,78.15
38.56,-1012.823,189.154,-77.063,1033.212,112.82,78.9
38.59,-1016.826,179.146,-68.055,1034.727,114.88,79.01
38.62,-1010.821,190.155,-75.061,1031.287,111.54,78.57
38.65,-1007.819,214.174,-64.052,1032.314,106.65,77.49
38.68,-999.812,230.187,-57.046,1027.553,103.92,76.66
38.71,-1011.822,222.181,-64.052,1037.907,105.8,77.96
38.73,-993.807,188.153,-74.06,1014.169,111.49,78.5
38.76,-995.809,176.143,-90.073,1015.271,117.08,78.76
38.79,-990.805,177.144,-95.077,1010.997,118.22,78.53
38.82,-984.8,187.152,-92.075,1006.645,116.2,78.04
38.85,-977.794,201.163,-94.076,1002.696,115.06,77.2
38.87,-973.791,204.166,-99.081,999.885,115.89,76.88
38.9,-971.79,203.165,-96.078,997.438,115.2,76.85
38.93,-964.784,210.171,-104.085,992.881,114.34,76.55
38.96,-965.785,207.168,-85.069,991.411,112.32,76.94
38.98,-971.79,168.137,-105.085,991.81,122.01,78.47
39.01,-967.786,186.151,-84.068,989.106,114.3,78.08
39.04,-978.795,209.17,-80.065,1004.093,110.07,76.64
39.07,-980.797,213.173,-84.068,1007.21,111.52,76.85
39.1,-979.796,218.177,-77.063,1006.747,109.45,76.71
39.12,-1005.817,210.171,-95.077,1031.93,114.34,77.08
39.15,-1000.813,175.142,-114.093,1022.408,123.08,78.2
39.18,-1000.813,195.159,-78.063,1022.647,111.8,78.14
39.21,-1007.819,226.184,-66.054,1034.998,106.28,76.84
39.24,-1006.818,243.198,-55.045,1037.236,104.38,76.64
39.26,-1016.826,211.172,-71.058,1040.951,108.6,77.64
39.29,-1013.824,203.165,-77.063,1036.848,110.77,77.9
39.32,-1010.821,201.163,-74.06,1033.301,110.21,78.03
39.35,-1010.821,206.168,-82.067,1034.891,111.71,77.62
39.38,-992.807,198.161,-98.08,1017.13,116.33,77.44
39.4,-993.807,190.155,-98.08,1016.578,117.28,77.85
39.43,-992.807,187.152,-99.081,1015.139,117.52,77.75
39.46,-985.801,195.159,-101.082,1010.004,117.38,77.43
39.49,-983.799,200.163,-90.073,1007.988,114.23,77.42
39.52,-992.807,210.171,-64.052,1016.828,106.95,77.52
39.54,-991.806,212.172,-62.05,1016.143,106.3,77.43
39.57,-986.802,212.172,-84.068,1012.849,112.58,77.38
39.6,-982.799,188.153,-100.081,1005.639,118.01,77.77
39.63,-987.803,185.15,-99.081,1009.877,118.15,78
39.66,-975.793,188.153,-86.07,997.487,114.58,78.03
39.68,-980.797,193.157,-108.088,1005.463,119.23,77.28
39.71,-978.795,181.147,-121.098,1002.756,123.76,77.45
39.74,-979.796,189.154,-115.094,1004.503,121.32,77.27
39.77,-994.808,187.152,-117.095,1019.01,124.19,77.26
39.79,-981.798,195.159,-102.083,1006.198,117.61,77.36
39.82,-994.808,213.173,-86.07,1021.026,111.99,76.99
39.85,-997.811,238.194,-63.051,1027.783,104.83,76.13
39.88,-1002.815,235.191,-62.05,1031.893,104.78,76.37
39.91,-996.81,206.168,-98.08,1022.621,115.44,77.1
39.94,-995.809,196.159,-113.092,1021.227,119.96,77.19
39.96,-1000.813,195.159,-119.097,1026.595,121.79,77.27
39.99,-986.802,201.163,-98.08,1011.862,115.99,77.27
40.02,-991.806,217.176,-90.073,1019.293,112.53,76.66
40.05,-998.812,229.186,-72.059,1027.299,107.45,76.48
40.08,-999.812,205.167,-82.067,1023.94,111.8,77.54
40.1,-1001.814,185.15,-116.094,1025.373,124.78,78.39
40.13,-999.812,176.143,-104.085,1020.532,120.58,78.43
40.16,-992.807,196.159,-82.067,1015.322,112.7,77.91
40.19,-990.805,246.2,-76.062,1023.765,107.17,75.42
40.22,-987.803,252.205,-61.05,1021.317,103.61,75.28
40.24,-982.799,193.157,-124.101,1009.259,122.72,76.85
40.27,-962.782,178.145,-119.097,986.341,123.76,77.45
40.3,-964.784,180.146,-109.089,987.502,115.19,78.33
40.33,-982.799,192.156,-83.067,1004.847,113.38,77.98
40.36,-964.784,201.163,-80.065,988.78,111.7,77.35
40.38,-984.8,200.163,-95.077,1009.424,115.41,77.32
40.41,-980.797,188.153,-105.085,1004.195,119.18,77.61
40.44,-986.802,170.138,-120.098,1008.538,125.22,78.08
40.47,-991.806,165.134,-130.106,1013.842,128.23,78.03
40.5,-978.795,166.135,-136.111,1002.081,128.99,77.73
40.52,-998.812,179.146,-113.092,1021.032,121.57,78.11
40.55,-993.807,201.163,-106.086,1019.497,117.81,77.11
40.58,-1002.815,218.177,-115.094,1032.708,117.81,76.18
40.61,-1001.814,208.169,-131.107,1031.579,122.2,76.2
40.63,-1008.82,192.156,-138.112,1036.203,126.72,77.18
40.66,-1009.82,185.15,-124.101,1034.127,123.83,77.55
40.69,-1013.824,185.15,-109.089,1036.349,120.51,78.03
40.72,-1017.827,171.139,-104.085,1037.35,121.31,78.87
40.75,-1013.824,168.137,-117.095,1034.321,124.85,78.57
40.78,-1011.822,170.138,-122.099,1033.266,125.66,78.31
40.8,-1007.819,172.14,-115.094,1028.872,123.77,78.39
40.83,-1004.816,178.145,-109.089,1026.3,118.75,78.79
40.86,-1002.815,169.137,-113.092,1023.247,123.77,78.53
40.89,-995.809,172.14,-112.091,1016.775,123.07,78.34
40.92,-995.809,176.143,-114.093,1017.683,122.93,78.1
40.94,-989.804,179.146,-108.088,1011.676,121.1,78.06
40.97,-991.806,186.151,-99.081,1013.976,118.02,78
41,-990.805,180.146,-95.077,1011.527,117.82,78.38
41.03,-986.802,169.137,-104.085,1006.588,128.33,77.35
41.06,-981.798,183.149,-107.087,1004.459,120.31,77.81
41.08,-985.801,202.164,-87.071,1010.077,113.3,77.41
41.11,-980.797,230.187,-69.056,1009.811,106.7,76.23
41.14,-983.799,226.184,-76.062,1012.327,108.59,76.37
41.17,-990.805,206.168,-105.085,1017.469,117.01,76.85
41.2,-980.797,198.161,-99.081,1005.508,116.57,77.27
41.22,-991.806,200.163,-102.083,1016.939,116.68,77.09
41.25,-994.808,213.173,-76.062,1020.231,109.16,77.22
41.28,-1004.816,173.141,-142.115,1029.481,129.38,77.43
41.31,-987.803,194.158,-117.095,1013.49,121.09,77.07
41.34,-992.807,210.171,-87.071,1018.537,112.5,77.09
41.36,-1003.816,220.179,-68.055,1029.93,94.96,77.72
41.39,-1015.825,219.178,-33.027,1039.726,98.57,77.69
41.42,-1011.822,211.172,-62.05,1035.484,106.37,77.73
41.45,-1001.814,204.166,-114.093,1028.753,119.2,76.86
41.47,-997.811,207.168,-121.098,1026.26,120.31,76.48
41.5,-1008.82,227.185,-88.072,1037.828,111.19,76.42
41.53,-1006.818,226.184,-81.066,1035.091,109.72,76.58
41.56,-1006.818,212.172,-108.088,1034.593,119.43,77.33
41.59,-987.803,187.152,-129.105,1013.631,124.6,77.04
41.62,-985.801,199.162,-128.104,1013.844,122.75,76.49
41.64,-979.796,202.164,-88.072,1004.304,113.54,77.32
41.67,-976.794,203.165,-73.059,1000.37,109.78,77.54
41.7,-975.793,181.147,-90.073,996.544,116.44,78.29
41.73,-971.79,179.146,-92.075,992.444,117.2,78.29
41.76,-973.791,190.155,-94.076,996.634,115.17,77.2
41.78,-969.788,211.172,-107.087,998.273,114.01,76.59
41.81,-971.79,215.175,-89.072,999.304,112.49,76.52
41.84,-972.79,188.153,-132.107,999.587,125.07,76.7
41.87,-968.787,191.155,-135.11,996.666,125.25,76.42
41.89,-968.787,200.163,-116.094,996.038,112.71,76.62
41.92,-987.803,212.172,-78.063,1013.343,110.2,77.11
41.95,-988.803,197.16,-78.063,1011.285,111.6,77.9
41.98,-999.812,200.163,-68.055,1021.92,108.78,78.06
42.01,-1002.815,209.17,-69.056,1026.722,108.27,77.61
42.03,-997.811,217.176,-72.059,1023.711,108.36,77.08
42.06,-1002.815,230.187,-71.058,1031.345,107.16,76.49
42.09,-1004.816,241.196,-73.059,1035.939,106.4,75.63
42.12,-1011.822,219.178,-75.061,1038.006,116.67,76.37
42.15,-1014.825,205.167,-101.082,1040.279,116.23,77.3
42.17,-1003.816,211.172,-67.054,1027.976,107.62,77.55
42.2,-1009.82,227.185,-63.051,1036.979,105.51,76.86
42.23,-989.804,228.185,-62.05,1017.66,105.21,76.56
42.26,-987.803,217.176,-97.079,1016.043,114.08,76.46
42.29,-990.805,206.168,-118.096,1018.895,121.84,77.27
42.31,-988.803,191.155,-151.123,1018.386,124.85,76.74
42.34,-985.801,208.169,-111.09,1013.646,118.09,76.54
42.37,-981.798,220.179,-72.059,1008.761,108.12,76.72
42.4,-987.803,229.186,-62.05,1015.938,105.15,76.48
42.43,-983.799,234.19,-65.053,1013.38,103.58,75.95
42.45,-977.794,222.181,-106.086,1008.316,115.52,75.87
42.48,-969.788,197.16,-146.119,1000.356,126.54,75.8
42.51,-974.792,168.137,-122.099,996.693,125.99,77.97
42.54,-988.803,167.136,-109.089,1008.745,123.13,78.59
42.57,-979.796,180.146,-67.054,998.473,110.42,78.9
42.59,-987.803,201.163,-62.05,1009.986,107.14,77.97
42.62,-994.808,213.173,-73.059,1020.012,109,77.31
42.65,-996.81,200.163,-86.07,1020.345,114.23,77.58
42.68,-999.812,205.167,-85.069,1024.185,112.52,77.48
42.71,-1002.815,202.164,-69.056,1025.318,108.86,77.97
42.73,-1006.818,200.163,-74.06,1029.19,110.3,78.03
42.76,-1005.817,165.134,-81.066,1022.501,116.15,79.57
42.79,-1005.817,152.124,-92.075,1021.414,121.18,79.97
42.82,-1015.825,153.124,-91.074,1031.331,120.74,80.05
42.85,-1007.819,179.146,-61.05,1025.436,112.19,79.13
42.87,-1003.816,199.162,-77.063,1026.28,111.15,77.99
42.9,-1001.814,191.155,-110.089,1025.812,119.94,77.58
42.93,-996.81,184.15,-112.091,1019.856,121.33,77.8
42.96,-1000.813,191.155,-99.081,1023.711,112,77.49
42.99,-990.805,207.168,-73.059,1014.865,109.43,77.5
43.01,-991.806,215.175,-66.054,1017.026,107.07,77.21
43.04,-989.804,225.183,-76.062,1017.942,108.66,76.5
43.07,-985.801,213.173,-89.072,1012.512,112.68,76.81
43.1,-980.797,191.155,-101.082,1004.351,117.87,77.57
43.13,-976.794,185.15,-114.093,1000.712,121.64,77.45
43.15,-973.791,185.15,-122.099,998.728,122.3,76.73
43.18,-967.786,205.167,-129.105,997.683,119.29,76.34
43.21,-966.785,217.176,-92.075,995.147,112.98,76.29
43.24,-969.788,210.171,-76.062,995.211,109.9,77.02
43.27,-976.794,195.159,-81.066,999.392,112.56,77.79
43.29,-975.793,192.156,-93.076,998.879,115.16,77.35
43.32,-975.793,220.179,-89.072,1004.283,112.03,76.32
43.35,-973.791,232.189,-100.081,1006.08,113.32,75.44
43.38,-976.794,234.19,-118.096,1011.394,116.76,74.97
43.4,-974.792,225.183,-116.094,1007.177,117.27,75.43
43.43,-992.807,224.182,-97.079,1022.422,113.41,76.18
43.46,-994.808,215.175,-94.076,1022.152,113.62,76.72
43.49,-1000.813,210.171,-101.082,1027.626,121.79,75.91
43.52,-1005.817,213.173,-131.107,1036.484,121.59,76.03
43.54,-1009.82,218.177,-125.102,1040.668,119.83,76.01
43.57,-1012.823,213.173,-106.086,1040.436,116.46,76.77
43.6,-1015.825,203.165,-97.079,1040.481,115.54,77.5
43.63,-1017.827,211.172,-69.056,1041.794,108.11,77.69
43.66,-1001.814,228.185,-52.042,1028.79,102.85,76.85
43.69,-1007.819,239.194,-52.042,1037.122,103.48,77.36
43.71,-975.793,210.171,-89.072,1002.136,110.14,77.08
43.74,-989.804,188.153,-95.077,1012.005,116.81,77.98
43.77,-992.807,181.147,-107.087,1014.863,120.59,78.03
43.8,-987.803,184.15,-100.081,1009.793,118.52,78.02
43.83,-989.804,208.169,-92.075,1015.64,113.86,77.05
43.85,-981.798,216.176,-84.068,1008.824,111.25,76.71
43.88,-987.803,213.173,-94.076,1014.912,113.81,76.73
43.91,-977.794,210.171,-90.073,1004.175,111.09,77.03
43.94,-984.8,211.172,-85.069,1010.773,111.94,76.98
43.97,-971.79,202.164,-83.067,996.065,112.34,77.32
43.99,-973.791,223.181,-71.058,1001.563,107.66,76.48
44.02,-981.798,239.194,-62.05,1012.418,98.5,76.19
44.05,-986.802,215.175,-83.067,1013.399,111.11,76.84
44.08,-971.79,192.156,-117.095,997.502,121.36,76.96
44.1,-996.81,170.138,-106.086,1016.775,121.94,78.63
44.13,-992.807,188.153,-91.074,1014.574,115.83,78.11
44.16,-991.806,221.18,-61.05,1018.001,105.43,76.97
44.19,-1000.813,226.184,-86.07,1029.657,110.83,76.41
44.22,-994.808,211.172,-106.086,1022.493,117.12,76.93
44.24,-1002.815,211.172,-75.061,1027.553,108.35,77.48
44.27,-1010.821,212.172,-72.059,1035.359,108.76,77.5
44.3,-1004.816,222.181,-64.052,1031.078,106.08,77.04
44.33,-1012.823,215.175,-87.071,1039.082,112.03,77.09
44.36,-1002.815,199.162,-122.099,1029.666,123.84,77.54
44.38,-999.812,174.141,-121.098,1022.064,124.81,78.02
44.41,-1002.815,171.139,-120.098,1024.378,125.06,78.22
44.44,-994.808,188.153,-91.074,1016.533,115.83,78.13
44.47,-992.807,202.164,-81.066,1016.419,111.85,77.63
44.5,-982.799,202.164,-76.062,1006.255,110.62,77.6
44.52,-984.8,200.163,-79.064,1008.041,111.55,77.67
44.55,-985.801,194.158,-82.067,1008.085,118.12,77.7
44.58,-972.79,174.141,-130.106,996.782,126.76,77.4
44.61,-980.797,159.129,-124.101,1001.342,127.95,78.37
44.64,-977.794,175.142,-88.072,997.253,116.7,78.66
44.66,-973.791,181.147,-70.057,992.971,111.14,78.72
44.69,-979.796,164.133,-93.076,997.799,119.56,79.1
44.72,-983.799,170.138,-104.085,1003.814,121.46,78.54
44.75,-981.798,188.153,-100.081,1004.661,117.39,77.31
44.78,-981.798,192.156,-79.064,1003.545,113.38,77.96
44.8,-985.801,196.159,-92.075,1009.336,115.14,77.6
44.83,-992.807,205.167,-113.092,1020.073,118.86,76.72
44.86,-994.808,201.163,-122.099,1022.261,121.26,76.69
44.89,-991.806,191.155,-137.111,1019.323,126.52,76.81
44.92,-990.805,202.164,-118.096,1018.092,120.29,76.7
44.94,-1000.813,211.172,-102.083,1027.931,115.8,76.81
44.97,-1011.822,223.181,-108.088,1041.766,115.84,76.23
45,-1012.823,218.177,-124.101,1043.462,119.63,76.08
45.03,-1005.817,225.183,-102.083,1035.759,114.39,76.19
45.06,-1014.825,229.186,-91.074,1044.361,111.67,76.34
45.08,-1013.824,227.185,-79.064,1041.97,111.27,76.27
45.11,-990.805,218.177,-97.079,1019.176,113.99,76.45
45.14,-988.803,212.172,-122.099,1018.655,119.92,76.09
45.17,-974.792,215.175,-130.106,1006.701,121.16,75.54
45.2,-975.793,219.178,-120.098,1007.291,118.72,75.63
45.22,-985.801,226.184,-86.07,1015.072,110.83,76.21
45.25,-986.802,225.183,-75.061,1014.948,108.43,76.48
45.28,-991.806,222.181,-75.061,1019.155,108.59,76.63
45.31,-986.802,216.176,-70.057,1012.629,111.94,76.71
45.34,-982.799,210.171,-114.093,1011.475,118.5,76.32
45.36,-965.785,200.163,-140.114,996.211,124.99,75.8
45.39,-970.789,205.167,-133.108,1001.12,122.97,75.86
45.42,-969.788,211.172,-97.079,997.249,114.69,76.55
45.45,-980.797,208.169,-93.076,1006.956,114.09,76.91
45.47,-986.802,193.157,-105.085,1011.005,118.55,77.44
45.5,-1002.815,207.168,-98.08,1028.677,115.33,77.13
45.53,-996.81,209.17,-85.069,1022.066,112.13,77.24
45.56,-1000.813,222.181,-63.051,1027.116,105.84,77.01
45.59,-996.81,230.187,-59.048,1024.745,104.39,76.59
45.62,-994.808,236.192,-78.063,1025.438,117.66,76.82
45.64,-998.812,194.158,-96.078,1022.034,116.33,77.76
45.67,-1002.815,192.156,-81.066,1024.272,112.87,78.25
45.7,-1010.821,194.158,-84.068,1032.727,113.41,78.18
45.73,-1006.818,192.156,-81.066,1028.192,112.87,78.3
45.76,-1010.821,205.167,-94.076,1035.714,114.63,77.41
45.78,-1003.816,208.169,-99.081,1029.95,115.45,77.07
45.81,-995.809,216.176,-99.081,1023.809,114.33,76.33
45.84,-993.807,221.18,-94.076,1022.46,112.6,76.45
45.87,-1002.815,214.174,-89.072,1029.292,112.58,76.98
45.9,-987.803,203.165,-94.076,1012.857,114.85,77.23
45.92,-984.8,212.172,-96.078,1011.968,114.36,76.69
45.95,-979.796,208.169,-128.104,1009.824,123.01,76.41
45.98,-968.787,199.162,-127.103,997.181,122.55,76.29
46.01,-968.787,201.163,-118.096,996.475,120.42,76.46
46.04,-969.788,224.182,-106.086,1001,115.32,75.65
46.06,-972.79,221.18,-113.092,1004.008,117.08,75.67
46.09,-964.784,206.168,-128.104,994.849,121.86,75.88
46.12,-974.792,185.15,-149.121,1003.363,128.85,76.29
46.15,-976.794,189.154,-130.106,1003.41,116.57,76.97
46.18,-975.793,219.178,-71.058,1002.627,107.96,76.71
46.2,-987.803,235.191,-58.047,1017.073,103.86,76.22
46.23,-993.807,227.185,-100.081,1024.345,113.77,75.97
46.26,-981.798,206.168,-132.107,1011.872,122.65,76
46.29,-995.809,189.154,-134.109,1022.448,125.34,76.89
46.31,-1004.816,185.15,-123.1,1029.121,123.62,77.52
46.34,-996.81,193.157,-100.081,1020.272,116,77.24
46.37,-1016.826,210.171,-78.063,1041.25,113.43,77.31
46.4,-1008.82,214.174,-91.074,1035.317,113.04,77.01
46.43,-1012.823,217.176,-90.073,1039.754,112.53,76.93
46.46,-1014.825,207.168,-95.077,1040.109,114.65,77.34
46.48,-1011.822,206.168,-91.074,1036.621,113.83,77.26
46.51,-998.812,215.175,-74.06,1024.407,108.99,77.17
46.54,-1003.816,216.176,-87.071,1030.514,111.94,76.93
46.57,-985.801,183.149,-140.114,1012.412,123.69,77.41
46.6,-986.802,188.153,-102.083,1009.753,118.48,77.76
46.62,-993.807,197.16,-72.059,1015.735,110.08,78.07
46.65,-991.806,195.159,-74.06,1013.534,110.78,78.11
46.68,-996.81,201.163,-79.064,1019.974,117.26,77.42
46.71,-986.802,193.157,-105.085,1011.005,118.55,77.44
46.74,-989.804,201.163,-94.076,1014.411,115.06,77.35
46.76,-975.793,210.171,-78.063,1001.218,110.38,77.06
46.79,-975.793,215.175,-75.061,1002.051,109.23,76.85
46.82,-972.79,218.177,-75.061,999.778,108.99,76.66
46.85,-979.796,210.171,-81.066,1005.358,111.09,77.05
46.87,-974.792,197.16,-104.085,999.963,118.82,77.42
46.9,-981.798,189.154,-105.085,1005.36,120.87,77.35
46.93,-985.801,193.157,-111.09,1010.67,119.9,77.26
46.96,-989.804,221.18,-82.067,1017.53,110.36,76.59
46.99,-998.812,222.181,-82.067,1026.51,110.27,76.66
47.01,-996.81,216.176,-59.048,1021.689,105.69,77.66
47.04,-1005.817,206.168,-63.051,1028.664,107,77.9
47.07,-1005.817,203.165,-66.054,1028.255,108.01,78.01
47.1,-1010.821,192.156,-76.062,1031.731,111.6,78.45
47.13,-1004.816,199.162,-82.067,1027.646,112.39,77.9
47.15,-1002.815,187.152,-136.111,1029.169,126.03,77.01
47.18,-1000.813,181.147,-126.102,1024.862,124.84,77.56
47.21,-1003.816,196.159,-104.085,1028.085,115.32,77.21
47.24,-1000.813,206.168,-75.061,1024.581,110.01,77.63
47.27,-998.812,219.178,-68.055,1024.839,107.25,77.06
47.29,-1002.815,211.172,-77.063,1027.701,110.05,77.37
47.32,-993.807,203.165,-102.083,1019.485,116.68,77.11
47.35,-990.805,193.157,-114.093,1015.885,120.57,77.24
47.38,-979.796,182.148,-119.097,1003.674,123.18,77.48
47.41,-972.79,181.147,-103.084,994.868,117.48,77.14
47.43,-979.796,202.164,-76.062,1003.323,110.62,77.57
47.46,-974.792,205.167,-70.057,998.609,108.85,77.46
47.49,-977.794,204.166,-78.063,1001.928,110.92,77.4
47.52,-977.794,190.155,-91.074,1000.268,115.59,77.83
47.55,-973.791,186.151,-102.083,996.666,118.74,77.66
47.58,-976.794,181.147,-105.085,998.991,120.12,77.9
47.6,-979.796,174.141,-108.088,1001.004,121.83,78.18
47.63,-978.795,186.151,-127.103,1004.414,118.74,77.76
47.66,-993.807,184.15,-100.081,1015.668,118.52,78.09
47.69,-992.807,203.165,-88.072,1017.201,113.44,77.43
47.71,-997.811,210.171,-68.055,1021.973,107.94,77.52
47.74,-1002.815,217.176,-67.054,1028.251,111.06,77.07
47.77,-1001.814,204.166,-101.082,1027.391,116.34,77.19
47.8,-1002.815,198.161,-109.089,1028.01,118.83,77.29
47.83,-1009.82,197.16,-105.085,1034.24,118.06,77.52
47.85,-1008.82,204.166,-88.072,1033.033,113.33,77.57
47.88,-1015.825,214.174,-74.06,1040.796,109.08,77.42
47.91,-1021.83,187.152,-112.091,1044.858,120.92,77.95
47.94,-1006.818,178.145,-103.084,1027.64,105.6,78.51
47.97,-1003.816,215.175,-52.042,1027.937,103.6,77.56
47.99,-1004.816,221.18,-51.041,1030.137,102.99,77.27
48.02,-1001.814,206.168,-82.067,1026.095,111.71,77.51
48.05,-986.802,196.159,-92.075,1010.314,115.14,77.61
48.08,-996.81,203.165,-82.067,1020.608,112,77.6
48.11,-993.807,197.16,-80.065,1016.335,112.1,77.91
48.13,-985.801,175.142,-94.076,1005.648,118.24,78.6
48.16,-983.799,175.142,-109.089,1005.205,119.5,78.44
48.19,-977.794,175.142,-105.085,998.899,120.96,78.2
48.22,-981.798,201.163,-83.067,1005.631,112.44,77.5
48.25,-979.796,212.172,-73.059,1005.164,109,77.1
48.27,-967.786,230.187,-68.055,997.11,105.91,76.36
48.3,-990.805,222.181,-69.056,1017.756,107.27,76.79
48.33,-977.794,225.183,-73.059,1006.045,107.98,76.39
48.36,-988.803,222.181,-88.072,1017.277,111.62,76.41
48.39,-994.808,184.15,-124.101,1019.292,123.98,77.42
48.41,-994.808,169.137,-113.092,1015.402,123.77,78.44
48.44,-1005.817,167.136,-102.083,1024.707,121.42,78.98
48.47,-1007.819,177.144,-74.06,1025.945,110.59,77.98
48.5,-996.81,219.178,-49.04,1021.799,102.61,77.3
48.53,-1011.822,230.187,-48.039,1038.787,101.79,76.92
48.55,-984.8,195.159,-91.074,1008.074,115.02,77.66
48.58,-990.805,222.181,-90.073,1019.398,112.07,76.4
48.61,-1018.828,213.173,-61.05,1042.679,105.98,77.72
48.64,-1008.82,192.156,-66.054,1029.079,108.97,78.61
48.67,-1016.826,182.148,-87.071,1036.675,116.57,79.16
48.69,-1002.815,167.136,-118.096,1023.483,126.59,78.27
48.72,-999.812,174.141,-128.104,1022.918,126.34,77.8
48.75,-994.808,192.156,-104.085,1018.529,118.44,77.61
48.78,-992.807,202.164,-82.067,1016.499,112.09,77.61
48.81,-992.807,201.163,-77.063,1015.909,117.97,77.56
48.83,-990.805,175.142,-132.107,1014.801,127.03,77.52
48.86,-980.797,171.139,-134.109,1004.607,128.08,77.5
48.89,-974.792,192.156,-109.089,999.522,119.58,77.23
48.92,-970.789,197.16,-86.07,994.339,113.58,77.51
48.95,-973.791,202.164,-76.062,997.459,110.62,77.49
48.97,-971.79,203.165,-72.059,995.411,109.53,77.49
49,-965.785,205.167,-83.067,990.825,112.44,77.31
49.03,-968.787,185.15,-132.107,995.129,128.85,76.21
49.06,-963.783,187.152,-128.104,990.108,124.39,76.76
49.09,-989.804,216.176,-115.094,1019.652,118.03,76.1
49.11,-979.796,219.178,-102.083,1009.188,114.97,76.14
49.14,-983.799,213.173,-75.061,1009.425,109.4,77.31
49.17,-1000.813,200.163,-81.066,1023.847,112.05,77.82
49.2,-1000.813,199.162,-64.052,1022.446,107.83,78.19
49.22,-1020.829,209.17,-80.065,1045.11,107.03,77.9
49.25,-1014.825,196.159,-73.059,1036.188,110.43,78.35
49.28,-1012.823,195.159,-107.087,1036.998,118.75,77.6
49.31,-1010.821,209.17,-97.079,1036.791,114.9,77.15
49.34,-1015.825,213.173,-87.071,1041.598,100.78,76.75
49.36,-993.807,241.196,-70.057,1025.055,106.2,75.82
49.39,-993.807,243.198,-83.067,1026.498,108.86,75.5
49.42,-986.802,201.163,-132.107,1015.725,123.29,76.29
49.45,-989.804,199.162,-126.102,1017.487,122.34,76.6
49.48,-984.8,208.169,-99.081,1011.426,115.45,76.82
49.51,-988.803,203.165,-93.076,1013.741,114.61,77.27
49.53,-993.807,207.168,-93.076,1019.429,113.39,76.6
49.56,-987.803,213.173,-98.08,1015.291,114.48,76.66
49.59,-986.802,207.168,-107.087,1013.984,117.33,76.7
49.62,-977.794,191.155,-121.098,1003.637,122.35,76.97
49.64,-980.797,195.159,-129.105,1008.324,123.49,76.58
49.67,-973.791,200.163,-129.105,1002.498,122.82,76.21
49.7,-965.785,213.173,-129.105,997.422,121.2,75.53
49.73,-971.79,222.181,-123.1,1004.437,118.99,75.35
49.76,-977.794,224.182,-117.095,1009.976,112.77,76.04
49.78,-989.804,219.178,-92.075,1017.953,112.79,76.49
49.81,-990.805,186.151,-136.111,1017.287,126.17,76.9
49.84,-989.804,192.156,-146.119,1018.817,127.25,76.29
49.87,-995.809,207.168,-138.112,1026.464,113.45,76.36
49.9,-982.799,231.188,-90.073,1013.634,111.29,75.83
49.93,-991.806,237.193,-80.065,1022.912,108.65,75.83
49.95,-1000.813,213.173,-76.062,1026.087,109.64,77.26
49.98,-1003.816,183.149,-96.078,1024.9,117.68,78.36
50.01,-1001.814,198.161,-124.101,1028.737,122.06,76.86
50.04,-999.812,210.171,-116.094,1028.239,118.92,76.5
50.06,-996.81,227.185,-118.096,1029.169,116.47,75.04
50.09,-995.809,232.189,-94.076,1026.839,112.06,75.88
50.12,-1006.818,218.177,-82.067,1033.45,110.61,76.96
50.15,-1003.816,171.139,-81.066,1021.521,115.35,79.32
50.18,-999.812,172.14,-78.063,1017.522,114.39,79.29
50.2,-989.804,201.163,-85.069,1013.615,112.92,77.56
50.23,-975.793,213.173,-109.089,1004.746,117.1,76.21
50.26,-972.79,217.176,-132.107,1005.455,120.96,75.21
50.29,-975.793,217.176,-95.077,1004.18,112.3,76.47
50.32,-978.795,217.176,-74.06,1005.331,108.83,76.81
50.34,-982.799,189.154,-79.064,1003.954,112.68,78.22
50.37,-979.796,171.139,-101.082,999.753,120.57,78.53
50.4,-973.791,167.136,-104.085,993.497,119.56,78.61
50.43,-978.795,176.143,-110.089,1000.593,122.01,78.02
50.46,-976.794,190.155,-115.094,1001.764,121.18,77.18
50.48,-981.798,212.172,-126.102,1012.347,120.72,75.89
50.51,-981.798,222.181,-108.088,1012.41,115.94,75.87
50.54,-995.809,226.184,-61.05,1022.997,105.1,76.76
50.57,-1004.816,215.175,-55.045,1029.071,104.35,77.54
50.6,-1014.825,195.159,-79.064,1036.439,114.05,79.02
50.62,-998.812,174.141,-120.098,1020.967,124.59,78.04
50.65,-1001.814,185.15,-114.093,1025.148,121.64,77.75
50.68,-1000.813,210.171,-97.079,1027.24,114.79,76.98
50.71,-1002.815,210.171,-100.081,1029.478,115.46,76.93
50.74,-1008.82,204.166,-97.079,1033.84,115.43,77.37
50.76,-1009.82,197.16,-110.089,1034.76,119.18,77.4
50.79,-1006.818,205.167,-120.098,1034.504,119.4,76.34
50.82,-1002.815,214.174,-146.119,1035.789,120.09,76.13
50.85,-992.807,220.179,-103.084,1022.14,115.09,76.24
50.88,-996.81,215.175,-72.059,1022.312,108.51,77.18
50.9,-999.812,201.163,-86.07,1023.474,113.16,77.66
50.93,-985.801,204.166,-68.055,1009.019,107.78,77.31
50.96,-987.803,212.172,-74.06,1013.043,109.24,77.18
50.99,-984.8,211.172,-90.073,1011.206,113.1,76.88
51.02,-980.797,179.146,-119.097,1004.111,123.62,77.63
51.04,-987.803,189.154,-113.092,1012.088,120.87,77.42
51.07,-985.801,203.165,-85.069,1010.107,112.72,77.41
51.1,-987.803,208.169,-75.061,1012.286,109.83,77.37
51.13,-974.792,230.187,-81.066,1004.877,111.43,75.32
51.15,-971.79,237.193,-91.074,1004.455,111.01,75.35
51.18,-967.786,232.189,-90.073,999.317,111.2,75.57
51.21,-981.798,197.16,-78.063,1004.437,111.6,77.81
51.24,-987.803,197.16,-73.059,1009.932,110.33,77.98
51.27,-994.808,210.171,-78.063,1019.759,110.38,77.3
51.3,-989.804,212.172,-99.081,1017.127,115.03,76.69
51.32,-987.803,200.163,-131.107,1016.37,123.36,76.43
51.35,-997.811,199.162,-134.109,1026.293,118.04,77.26
51.38,-999.812,209.17,-90.073,1025.422,113.3,77.17
51.41,-1005.817,230.187,-66.054,1033.933,106.01,76.61
51.44,-1011.822,219.178,-98.08,1039.924,114.11,76.65
51.46,-1007.819,215.175,-124.101,1037.979,124.31,75.7
51.49,-1003.816,211.172,-142.115,1035.585,123.94,75.77
51.52,-1003.816,211.172,-134.109,1034.517,122.42,76.01
51.55,-994.808,226.184,-83.067,1023.574,110.17,76.38
51.58,-1007.819,231.188,-76.062,1036.789,108.21,76.42
51.6,-988.803,191.155,-114.093,1013.553,120.83,77.31
51.63,-985.801,179.146,-129.105,1010.23,125.78,77.37
51.66,-993.807,178.145,-120.098,1016.766,118.32,79.18
51.69,-986.802,169.137,-78.063,1004.231,114.78,79.31
51.72,-987.803,187.152,-72.059,1007.954,111.06,78.52
51.74,-973.791,208.169,-96.078,1000.417,114.78,76.75
51.77,-968.787,211.172,-114.093,998.078,118.38,76.08
51.8,-970.789,199.162,-123.1,998.624,121.72,76.44
51.83,-972.79,195.159,-119.097,999.296,121.39,76.77
51.86,-969.788,191.155,-111.09,994.671,119.65,76.96
51.88,-979.796,195.159,-111.09,1005.201,116.68,77.43
51.91,-978.795,186.151,-106.086,1001.971,119.68,77.65
51.94,-987.803,178.145,-112.091,1009.977,122.18,77.97
51.97,-993.807,185.15,-109.089,1016.776,120.51,77.8
52,-995.809,181.147,-88.072,1015.976,115.93,78.63
52.02,-1003.816,188.153,-68.055,1023.562,109.89,78.73
52.05,-1003.816,200.163,-47.038,1024.658,103.22,78.42
52.08,-1001.814,226.184,-74.06,1029.697,108.13,76.64
52.11,-999.812,217.176,-96.078,1027.629,113.86,76.64
52.13,-1001.814,225.183,-98.08,1031.484,113.54,76.22
52.16,-1005.817,230.187,-91.074,1035.832,111.59,76.17
52.19,-1009.82,228.185,-84.068,1038.688,112.43,76.78
52.22,-1001.814,205.167,-102.083,1027.689,116.45,77.12
52.25,-987.803,204.166,-88.072,1012.519,113.33,77.31
52.28,-999.812,226.184,-77.063,1027.97,108.81,76.56
52.3,-997.811,219.178,-80.065,1024.732,110.07,76.84
52.33,-980.797,209.17,-109.089,1008.769,117.54,76.48
52.36,-990.805,202.164,-109.089,1017.087,118.35,76.95
52.39,-993.807,201.163,-111.09,1020.03,117.86,76.55
52.42,-979.796,219.178,-137.111,1013.331,116.04,76.02
52.44,-981.798,227.185,-84.068,1011.24,110.31,76.14
52.47,-981.798,226.184,-75.061,1010.307,108.36,76.36
52.5,-979.796,219.178,-80.065,1007.199,110.07,76.6
52.53,-978.795,214.174,-130.106,1010.365,122.13,75.93
52.55,-962.782,203.165,-144.117,994.483,125.35,75.49
52.58,-956.777,206.168,-138.112,988.435,123.82,75.46
52.61,-977.794,213.173,-113.092,1007.132,117.95,76.14
52.64,-976.794,211.172,-91.074,1003.501,113.33,76.75
52.67,-987.803,210.171,-118.096,1016.795,119.33,76.28
52.7,-987.803,198.161,-127.103,1015.469,122.68,76.59
52.72,-997.811,187.152,-129.105,1023.387,118.55,77.69
52.75,-1008.82,205.167,-86.07,1033.063,112.76,77.56
52.78,-1006.818,215.175,-79.064,1032.586,110.18,77.17
52.81,-1008.82,229.186,-62.05,1036.385,105.15,76.76
52.84,-1010.821,215.175,-81.066,1036.644,110.64,77.18
52.86,-1004.816,198.161,-101.082,1029.146,117.03,77.52
52.89,-1011.822,193.157,-115.094,1036.504,120.79,77.47
52.92,-1008.82,194.158,-111.09,1033.322,121.66,78.15
52.95,-998.812,176.143,-125.102,1021.911,123.84,77.99
52.97,-1003.816,181.147,-108.088,1025.74,120.82,78.13
53,-1001.814,198.161,-83.067,1024.597,112.74,77.89
53.03,-999.812,196.159,-86.07,1022.502,113.69,77.91
53.06,-996.81,201.163,-56.046,1018.449,104.53,77.45
53.09,-994.808,227.185,-68.055,1022.687,106.68,76.59
53.11,-980.797,225.183,-68.055,1008.614,106.82,76.51
53.14,-981.798,172.14,-111.09,1002.946,122.84,78.21
53.17,-971.79,172.14,-114.093,993.491,123.54,78
53.2,-978.795,197.16,-101.082,1003.559,117.14,77.25
53.23,-964.784,212.172,-89.072,991.846,112.77,76.59
53.26,-968.787,214.174,-79.064,995.324,112.81,77.73
53.28,-977.794,178.145,-92.075,998.146,117.33,78.41
53.31,-975.793,168.137,-95.077,994.727,119.49,78.8
53.34,-980.797,186.151,-86.07,1002.009,114.81,78.19
53.37,-976.794,207.168,-81.066,1001.806,111.37,77.17
53.39,-991.806,214.174,-99.081,1019.493,114.83,76.62
53.42,-980.797,217.176,-92.075,1008.765,112.98,76.48
53.45,-981.798,225.183,-90.073,1011.31,111.37,75.87
53.48,-992.807,223.181,-115.094,1024.071,114.58,76.11
53.51,-993.807,208.169,-122.099,1022.69,120.39,76.35
53.53,-1000.813,192.156,-149.121,1029.946,127.81,76.34
53.56,-1006.818,189.154,-144.117,1034.52,127.3,76.71
53.59,-1009.82,200.163,-105.085,1034.817,115.82,76.49
53.62,-1008.82,233.189,-78.063,1038.359,108.51,76.3
53.65,-1009.82,243.198,-63.051,1040.605,104.53,76.03
53.68,-1010.821,235.191,-56.046,1039.334,103.4,76.55
53.7,-1007.819,221.18,-76.062,1034.604,108.98,76.93
53.73,-999.812,198.161,-127.103,1027.155,122.68,76.75
53.76,-992.807,185.15,-146.119,1020.439,128.28,76.64
53.79,-986.802,190.155,-142.115,1014.955,123.36,76.53
53.81,-991.806,207.168,-113.092,1019.503,118.63,76.61
53.84,-984.8,216.176,-97.079,1012.91,114.18,76.47
53.87,-988.803,203.165,-119.097,1016.461,120.38,76.6
53.9,-983.799,188.153,-126.102,1009.537,123.83,77.03
53.93,-981.798,208.169,-114.093,1010.088,118.73,76.41
53.95,-976.794,225.183,-110.089,1008.441,116.05,75.61
53.98,-968.787,228.185,-101.082,1000.417,114.56,75.98
54.01,-979.796,216.176,-123.1,1010.884,118.44,75.91